material_id,grade,thickness_mm,report_B800_RD_T,report_B800_TD_T,report_f_Goss,report_theta_deg,report_halfwidth_deg,report_Si_wt_percent,confirmed_Si_wt_percent,composition_source,composition_source_page,composition_batch,other_elements_wt_percent,code_anchor_f_Goss,code_anchor_theta_deg,code_anchor_sigma_deg,odf_evidence,bh_source,reference_csv_RD,reference_csv_TD,original_curve_source_page,measurement_H_or_J,measurement_method,temperature_C,frequency_Hz,parameter_source,composition_status,calibration_role,code_anchor_Si_wt_percent
IEC_M120_35S,IEC_M120_35S,0.35,1.849,1.47,0.68,8,11,3.0,,,,,,,,,report_parameter_and_or_code_estimate_not_independent_EBSD,materials/go_steel_data/output/GO_Steel_IEC_M120_35S.amat,,,,,,,,thesis/reports/中期报告V1.3.pdf page 8 table 2,pending_source_confirmation,candidate_not_frozen,
IEC_M111_30P,IEC_M111_30P,0.3,1.908,1.6,0.8,5,8,3.0,,,,,,,,,report_parameter_and_or_code_estimate_not_independent_EBSD,materials/go_steel_data/output/GO_Steel_IEC_M111_30P.amat,,,,,,,,thesis/reports/中期报告V1.3.pdf page 8 table 2,pending_source_confirmation,candidate_not_frozen,
IEC_M089_27P,IEC_M089_27P,0.27,1.92,1.62,0.85,4,7,3.1,,,,,,,,,report_parameter_and_or_code_estimate_not_independent_EBSD,materials/go_steel_data/output/GO_Steel_IEC_M089_27P.amat,,,,,,,,thesis/reports/中期报告V1.3.pdf page 8 table 2,pending_source_confirmation,candidate_not_frozen,
Baosteel_B23R080,Baosteel_B23R080,0.23,1.928,1.7,0.87,4,6,3.1,,,,,,,,,report_parameter_and_or_code_estimate_not_independent_EBSD,materials/go_steel_data/output/GO_Steel_Baosteel_B23R080.amat,,,,,,,,thesis/reports/中期报告V1.3.pdf page 8 table 2,pending_source_confirmation,candidate_not_frozen,
Baosteel_B20R070,Baosteel_B20R070,0.2,1.904,1.7,0.85,4,7,3.1,,,,,,,,,report_parameter_and_or_code_estimate_not_independent_EBSD,materials/go_steel_data/output/GO_Steel_Baosteel_B20R070.amat,,,,,,,,thesis/reports/中期报告V1.3.pdf page 8 table 2,pending_source_confirmation,candidate_not_frozen,
Baosteel_B18R065,Baosteel_B18R065,0.18,1.904,1.7,0.85,4,7,3.1,,,,,,,,,report_parameter_and_or_code_estimate_not_independent_EBSD,materials/go_steel_data/output/GO_Steel_Baosteel_B18R065.amat,,,,,,,,thesis/reports/中期报告V1.3.pdf page 8 table 2,pending_source_confirmation,candidate_not_frozen,
B27R095,B27R095,0.27,1.925,1.65,0.84,5,7,3.1,,,,,,0.7,9,10,report_parameter_and_or_code_estimate_not_independent_EBSD,materials/go_steel_data/output/GO_Steel_B27R095.amat,magsim/go_steel_data/output/B27R095_RD.csv,magsim/go_steel_data/output/B27R095_TD.csv,,,,,,thesis/reports/中期报告V1.3.pdf page 8 table 2,pending_source_confirmation,candidate_not_frozen,3.0
B30P105,B30P105,0.3,1.9,1.6,0.79,6,8,3.0,,,,,,0.65,11,11,report_parameter_and_or_code_estimate_not_independent_EBSD,materials/go_steel_data/output/GO_Steel_B30P105.amat,magsim/go_steel_data/output/B30P105_RD.csv,magsim/go_steel_data/output/B30P105_TD.csv,,,,,,thesis/reports/中期报告V1.3.pdf page 8 table 2,pending_source_confirmation,candidate_not_frozen,3.0
B27R090,B27R090,0.27,1.95,1.68,0.87,4,6,3.1,,,,,,0.82,6,8,report_parameter_and_or_code_estimate_not_independent_EBSD,materials/go_steel_data/output/GO_Steel_B27R090.amat,magsim/go_steel_data/output/B27R090_RD.csv,magsim/go_steel_data/output/B27R090_TD.csv,,,,,,thesis/reports/中期报告V1.3.pdf page 8 table 2,pending_source_confirmation,candidate_not_frozen,3.0
B23R075,B23R075,0.23,1.965,1.7,0.91,3,5,3.1,,,,,,0.92,3,6,report_parameter_and_or_code_estimate_not_independent_EBSD,materials/go_steel_data/output/GO_Steel_B23R075.amat,magsim/go_steel_data/output/B23R075_RD.csv,magsim/go_steel_data/output/B23R075_TD.csv,,,,,,thesis/reports/中期报告V1.3.pdf page 8 table 2,pending_source_confirmation,candidate_not_frozen,3.0
