grain_id,H_A_per_m,B_raw_T
1,0.0,0.0
1,0.1,4.883291622181929e-07
1,0.2,6.139928683617846e-07
1,0.5,9.909839867925599e-07
1,1.0,1.6193025175105184e-06
1,2.0,2.8759395789464357e-06
1,5.0,6.645850763254187e-06
1,10.0,1.2929036070433774e-05
1,20.0,2.5495406684792947e-05
1,50.0,0.00019290132875282584
1,100.0,0.0002557331818246217
1,200.0,0.0003813969008588103
1,500.0,0.0011538894143849898
1,800.0,0.001845556520762348
1,1000.0,0.002194391975852694
1,1500.0,0.003467755056777433
1,2000.0,0.004633847763103827
1,3000.0,0.006985038547771438
1,5000.0,0.011851864287224068
1,7500.0,0.018458735217646738
1,10000.0,0.026122020660458434
1,15000.0,0.05033694297498492
1,20000.0,1.9798901969606377
1,30000.0,1.9941529019331639
1,40000.0,2.007735029603535
1,50000.0,2.0209567462619056
2,0.0,0.0
2,0.1,1.2566370614359172e-07
2,0.2,2.5132741228718345e-07
2,0.5,6.283185307179586e-07
2,1.0,1.2566370614359173e-06
2,2.0,2.5132741228718346e-06
2,5.0,6.283185307179587e-06
2,10.0,1.2566370614359173e-05
2,20.0,2.5132741228718347e-05
2,50.0,6.283185307179587e-05
2,100.0,0.0019021657393650804
2,200.0,0.0020278295817893754
2,500.0,0.006586128210038011
2,800.0,0.011625624464152828
2,1000.0,0.011876952594588652
2,1500.0,0.019849931921868014
2,2000.0,0.02658763563313249
2,3000.0,0.04044814324443824
2,5000.0,1.8666200741823276
2,7500.0,1.8861081442766614
2,10000.0,1.9023907712903738
2,15000.0,1.9280598009969863
2,20000.0,1.947428207274701
2,30000.0,1.9754208400893574
2,40000.0,1.995996763355922
2,50000.0,2.013086021576711
3,0.0,0.0
3,0.1,8.215893108065586e-07
3,0.2,9.472530169501504e-07
3,0.5,1.3242441353809256e-06
3,1.0,1.952562666098884e-06
3,2.0,3.2091997275348014e-06
3,5.0,6.979110911842553e-06
3,10.0,1.326229621902214e-05
3,20.0,2.5828666833381313e-05
3,50.0,6.352780765583876e-05
3,100.0,0.0007191216168125347
3,200.0,0.0008447853684258044
3,500.0,0.0026168525597994874
3,800.0,0.00455417736904018
3,1000.0,0.004805505020827772
3,1500.0,0.007883246167274205
3,2000.0,0.010544461844904096
3,3000.0,0.015968997246089023
3,5000.0,0.027460965662250314
3,7500.0,0.04404697860519602
3,10000.0,0.06560564238435651
3,15000.0,1.9564334120063975
3,20000.0,1.9674701207761425
3,30000.0,1.9860499758315453
3,40000.0,2.0020919156002313
3,50000.0,2.0168276031760604
4,0.0,0.0
4,0.1,4.197167785546796e-07
4,0.2,5.453804846982713e-07
4,0.5,9.223716031290465e-07
4,1.0,1.5506901338470051e-06
4,2.0,2.8073271952829224e-06
4,5.0,6.577238379601447e-06
4,10.0,1.2860423686781033e-05
4,20.0,2.5426794301140205e-05
4,50.0,6.312606850322755e-05
4,100.0,0.0034469245462468434
4,200.0,0.0035725885073019104
4,500.0,0.011770676275949521
4,800.0,0.02084983410213015
4,1000.0,0.021101162865046708
4,1500.0,0.03554266215458268
4,2000.0,0.04769779502836902
4,3000.0,0.07294565328170721
4,5000.0,0.13106100726718517
4,7500.0,1.7696489928497872
4,10000.0,1.7999900412970495
4,15000.0,1.8489735731305865
4,20000.0,1.886530441066158
4,30000.0,1.9393003135308837
4,40000.0,1.9740620295089863
4,50000.0,1.9991785810576275
5,0.0,0.0
5,0.1,1.2566370614359172e-07
5,0.2,2.5132741228718345e-07
5,0.5,6.283185307179586e-07
5,1.0,1.2566370614359173e-06
5,2.0,2.5132741228718346e-06
5,5.0,6.283185307179587e-06
5,10.0,1.2566370614359173e-05
5,20.0,2.5132741228718347e-05
5,50.0,6.283185307179587e-05
5,100.0,0.00017790713533560876
5,200.0,0.00030357084543797264
5,500.0,0.0008020156917629695
5,800.0,0.0013163687908771537
5,1000.0,0.0015676962240528391
5,1500.0,0.0024096442882959312
5,2000.0,0.003214237871942194
5,3000.0,0.00483026658874397
5,5000.0,0.008102168179572655
5,7500.0,0.012314319868410584
5,10000.0,0.016753049090775463
5,15000.0,0.02703795522444552
5,20000.0,0.042962971547050754
5,30000.0,1.9962871880535276
5,40000.0,2.0092707708563378
5,50000.0,2.0221142373810084
6,0.0,0.0
6,0.1,5.516259708593374e-05
6,0.2,5.5288260792077336e-05
6,0.5,5.566525191050811e-05
6,1.0,5.6293570441226066e-05
6,2.0,5.755020750266199e-05
6,5.0,6.132011868696973e-05
6,10.0,6.760330399414932e-05
6,20.0,8.01696746085085e-05
6,50.0,0.00011786878645158601
6,100.0,0.0001807006395233819
6,200.0,0.0003063643539471528
6,500.0,0.0009374075365397028
6,800.0,0.0015559044236347352
6,1000.0,0.0018072318729096537
6,1500.0,0.002813830035989673
6,2000.0,0.0037536880621404922
6,3000.0,0.0056474400963870686
6,5000.0,0.0095009590198466
6,7500.0,0.014526539932351978
6,10000.0,0.01994519110650983
6,15000.0,0.03325874727246869
6,20000.0,0.0579397501668627
6,30000.0,1.994951795083832
6,40000.0,2.0082739308994237
6,50000.0,2.0213426027878554
7,0.0,0.0
7,0.1,1.25663706329604e-07
7,0.2,2.5132741247319575e-07
7,0.5,6.283185309039709e-07
7,1.0,1.2566370616219295e-06
7,2.0,2.513274123057847e-06
7,5.0,6.283185307365599e-06
7,10.0,1.2566370614545185e-05
7,20.0,2.513274122890436e-05
7,50.0,6.283185307198188e-05
7,100.0,0.0001256637234933189
7,200.0,0.0006062102818211734
7,500.0,0.0015432156914161332
7,800.0,0.002347858054788987
7,1000.0,0.0030842750139113972
7,1500.0,0.004632714911943392
7,2000.0,0.006185507093518616
7,3000.0,0.009335453818892225
7,5000.0,0.015835126748863004
7,7500.0,0.024643788703894387
7,10000.0,0.03479286131816217
7,15000.0,0.06543617300559978
7,20000.0,1.9734091130662197
7,30000.0,1.9895044719294503
7,40000.0,2.0042557935076593
7,50000.0,2.018262709994046
8,0.0,0.0
8,0.1,0.9209589130655614
8,0.2,0.9209590387292677
8,0.5,0.9209594157203861
8,1.0,0.9209600440389167
8,2.0,0.9209613006759781
8,5.0,0.9209650705871625
8,10.0,0.9209713537724696
8,20.0,0.9209839201430841
8,50.0,0.9210216192549271
8,100.0,0.921084451107999
8,200.0,0.9237413463292937
8,500.0,0.9241183374477245
8,800.0,0.9273875272775947
8,1000.0,0.9276388546898819
8,1500.0,0.9309336752300771
8,2000.0,0.9340325458994228
8,3000.0,0.9397642641573246
8,5000.0,0.9495517426209216
8,7500.0,0.9595600937379216
8,10000.0,0.9678101275940906
8,15000.0,0.9809038231237057
8,20000.0,0.9912086234075879
8,30000.0,1.0076038972908234
8,40000.0,1.0213908965824066
8,50000.0,1.034059225292351
9,0.0,0.0
9,0.1,1.2566370614359172e-07
9,0.2,2.5132741228718345e-07
9,0.5,6.283185307179586e-07
9,1.0,1.2566370614359173e-06
9,2.0,2.5132741228718346e-06
9,5.0,6.283185307179587e-06
9,10.0,1.2566370614359173e-05
9,20.0,2.5132741228718347e-05
9,50.0,7.875972782533935e-05
9,100.0,0.00014159158140547579
9,200.0,0.00027765496534326584
9,500.0,0.0006948137364096718
9,800.0,0.0011240678860915398
9,1000.0,0.0013896078673045764
9,1500.0,0.002084813662843632
9,2000.0,0.0027809016392182917
9,3000.0,0.004174665446389003
9,5000.0,0.006977836671115956
9,7500.0,0.010527918056686847
9,10000.0,0.014161657480431633
9,15000.0,0.021947013455827613
9,20000.0,0.03155452666118952
9,30000.0,1.997294221771134
9,40000.0,2.0100215079851127
9,50000.0,2.022695227534996
10,0.0,0.0
10,0.1,1.2566370614359172e-07
10,0.2,2.5132741228718345e-07
10,0.5,6.283185307179586e-07
10,1.0,1.2566370614359173e-06
10,2.0,2.5132741228718346e-06
10,5.0,6.283185307179587e-06
10,10.0,1.2566370614359173e-05
10,20.0,2.5132741228718347e-05
10,50.0,0.00022382591019753928
10,100.0,0.00028665776326933516
10,200.0,0.0004123214852945756
10,500.0,0.0012765781641566054
10,800.0,0.002044424618352192
10,1000.0,0.00241750965995291
10,1500.0,0.003839683182629283
10,2000.0,0.0051252496783018575
10,3000.0,0.007723748890033799
10,5000.0,0.013055874376652232
10,7500.0,0.020163586312645032
10,10000.0,0.028110211465702584
10,15000.0,0.04961821805861366
10,20000.0,1.976465557194216
10,30000.0,1.9916187330395183
10,40000.0,2.005798327383142
10,50000.0,2.0194344626830416
11,0.0,0.0
11,0.1,1.2566370614359172e-07
11,0.2,2.5132741228718345e-07
11,0.5,6.283185307179586e-07
11,1.0,1.2566370614359173e-06
11,2.0,2.5132741228718346e-06
11,5.0,6.283185307179587e-06
11,10.0,1.2566370614359173e-05
11,20.0,2.5132741228718347e-05
11,50.0,6.283185307179587e-05
11,100.0,0.00020158820943083633
11,200.0,0.00032725192144145154
11,500.0,0.0008842427376255513
11,800.0,0.0014606606334921501
11,1000.0,0.0017119880765918971
11,1500.0,0.002655433448458422
11,2000.0,0.003545498477054654
11,3000.0,0.005338576544844376
11,5000.0,0.009010605924824389
11,7500.0,0.013890297301474064
11,10000.0,0.019351017661533576
11,15000.0,0.03500045085291359
11,20000.0,1.9829354573305884
11,30000.0,1.9962627914550652
11,40000.0,2.009278935725983
11,50000.0,2.0221331939964577
12,0.0,0.0
12,0.1,1.25663706329604e-07
12,0.2,2.5132741247319575e-07
12,0.5,6.283185309039709e-07
12,1.0,1.2566370616219295e-06
12,2.0,2.513274123057847e-06
12,5.0,6.283185307365599e-06
12,10.0,1.2566370614545185e-05
12,20.0,2.513274122890436e-05
12,50.0,6.504705288357115e-05
12,100.0,0.00012787890595536704
12,200.0,0.0002535426123240203
12,500.0,0.0006374341765366109
12,800.0,0.0010214825681291728
12,1000.0,0.001272809981506251
12,1500.0,0.0019122731224384681
12,2000.0,0.002549834723367783
12,3000.0,0.0038251931632383718
12,5000.0,0.00637792920564173
12,7500.0,0.009575039080060188
12,10000.0,0.012784195320312386
12,15000.0,0.019272306286976293
12,20000.0,0.025999021525493382
12,30000.0,1.997839445155913
12,40000.0,2.0104286538860743
12,50000.0,2.023010707325117
13,0.0,0.0
13,0.1,1.2566370614359172e-07
13,0.2,2.5132741228718345e-07
13,0.5,6.283185307179586e-07
13,1.0,1.2566370614359173e-06
13,2.0,2.5132741228718346e-06
13,5.0,6.283185307179587e-06
13,10.0,1.2566370614359173e-05
13,20.0,2.5132741228718347e-05
13,50.0,6.42727260009579e-05
13,100.0,0.00039044870899163087
13,200.0,0.0007808484091532675
13,500.0,0.0019524983910373939
13,800.0,0.0031247070738605887
13,1000.0,0.003906790506639224
13,1500.0,0.005868884617739378
13,2000.0,0.007840055597483797
13,3000.0,0.011824818972210993
13,5000.0,0.02006857936214035
13,7500.0,0.0312471424852665
13,10000.0,0.04413330979966257
13,15000.0,0.08299126528056877
13,20000.0,1.9666310849154636
13,30000.0,1.9846801197847002
13,40000.0,2.0006715216456303
13,50000.0,2.0155085888569477
14,0.0,0.0
14,0.1,3.2169908781298773e-07
14,0.2,4.473627939565795e-07
14,0.5,8.243539123873546e-07
14,1.0,1.4526724431053133e-06
14,2.0,2.7093095045412306e-06
14,5.0,6.479220688859755e-06
14,10.0,1.2762405996039341e-05
14,20.0,2.5328776610398513e-05
14,50.0,6.302788845347604e-05
14,100.0,0.0001258599217809353
14,200.0,0.003938557092346473
14,500.0,0.010078959198633552
14,800.0,0.014904052551099944
14,1000.0,0.020155056486925615
14,1500.0,0.03030602787052139
14,2000.0,0.04054809018213801
14,3000.0,0.06143107361264255
14,5000.0,0.1060684275615037
14,7500.0,0.17421882331853522
14,10000.0,1.584111269550878
14,15000.0,1.7104693084037268
14,20000.0,1.8538149654068992
14,30000.0,1.916021867881565
14,40000.0,1.9588123773793917
14,50000.0,1.9894719546948485
15,0.0,0.0
15,0.1,3.1089452227517356e-05
15,0.2,3.121511593366095e-05
15,0.5,3.1592107052091724e-05
15,1.0,3.222042558280968e-05
15,2.0,3.3477062644245604e-05
15,5.0,3.7246973828553355e-05
15,10.0,4.353015913573294e-05
15,20.0,5.6096529750092114e-05
15,50.0,9.379564159316963e-05
15,100.0,0.00015662750540124115
15,200.0,0.000501899849324916
15,500.0,0.0012561806816150378
15,800.0,0.002010677152908036
15,1000.0,0.0025141354837286967
15,1500.0,0.003774648446807638
15,2000.0,0.005039435185513974
15,3000.0,0.00759191509280599
15,5000.0,0.012831247238091148
15,7500.0,0.01980289101399868
15,10000.0,0.02758106298264018
15,15000.0,0.04849813090044319
15,20000.0,1.9767199129331035
15,30000.0,1.99179660573594
15,40000.0,2.005928073406351
15,50000.0,2.0195334311624027
16,0.0,0.0
16,0.1,8.11787541854514e-07
16,0.2,9.374512479981057e-07
16,0.5,1.314442366428881e-06
16,1.0,1.9427608971468393e-06
16,2.0,3.1993979585827568e-06
16,5.0,6.9693091428905084e-06
16,10.0,1.3252494450070095e-05
16,20.0,2.581886506442927e-05
16,50.0,6.351807846560753e-05
16,100.0,0.0022036681562409566
16,200.0,0.002329332021686059
16,500.0,0.007593946171374433
16,800.0,0.013426415281152515
16,1000.0,0.013677743531607778
16,1500.0,0.022878188463558824
16,2000.0,0.030622171404989684
16,3000.0,0.04648572784354621
16,5000.0,0.08075207570485066
16,7500.0,0.13396723146808287
16,10000.0,0.25123580702886117
16,15000.0,1.9146692225393207
16,20000.0,1.937790499745671
16,30000.0,1.9703337222681294
16,40000.0,1.9931656102963897
16,50000.0,2.011407448382909
17,0.0,0.0
17,0.1,1.2566370614359172e-07
17,0.2,2.5132741228718345e-07
17,0.5,6.283185307179586e-07
17,1.0,1.2566370614359173e-06
17,2.0,2.5132741228718346e-06
17,5.0,6.283185307179587e-06
17,10.0,1.2566370614359173e-05
17,20.0,2.5132741228718347e-05
17,50.0,6.412568659019957e-05
17,100.0,0.00012695753966199545
17,200.0,0.0002526212459380561
17,500.0,0.0006336702969897967
17,800.0,0.0010150134005368905
17,1000.0,0.0012663408134750975
17,1500.0,0.001901314744664151
17,2000.0,0.0025349948442524584
17,3000.0,0.0038028941380533476
17,5000.0,0.006339839531583125
17,7500.0,0.009515150271258599
17,10000.0,0.012697812332669645
17,15000.0,0.019110714300789367
17,20000.0,0.025693245554997857
17,30000.0,1.997869713017467
17,40000.0,2.0104496296730443
17,50000.0,2.023025449189249
18,0.0,0.0
18,0.1,3.6090616417627785e-07
18,0.2,4.865698703198696e-07
18,0.5,8.635609887506447e-07
18,1.0,1.4918795194686034e-06
18,2.0,2.7485165809045207e-06
18,5.0,6.518427765212273e-06
18,10.0,1.2801613072391859e-05
18,20.0,2.5367983686751032e-05
18,50.0,0.00019613591254885598
18,100.0,0.00025896776562065187
18,200.0,0.0003846314850669552
18,500.0,0.0011697682893436756
18,800.0,0.001972509014807722
18,1000.0,0.002223836491823672
18,1500.0,0.0035141468296174816
18,2000.0,0.004692109480913476
18,3000.0,0.007067873298359673
18,5000.0,0.011937678775402416
18,7500.0,0.018407903244908264
18,10000.0,0.02560233092143338
18,15000.0,0.04483942532161389
18,20000.0,1.9782795697884148
18,30000.0,1.9929346400947643
18,40000.0,2.0067925894727114
18,50000.0,2.0202111255795385
19,0.0,0.0
19,0.1,1.2566370614359172e-07
19,0.2,2.5132741228718345e-07
19,0.5,6.283185307179586e-07
19,1.0,1.2566370614359173e-06
19,2.0,2.5132741228718346e-06
19,5.0,6.283185307179587e-06
19,10.0,1.2566370614359173e-05
19,20.0,2.5132741228718347e-05
19,50.0,6.283185307179587e-05
19,100.0,0.00018865967601544575
19,200.0,0.0003143233870142037
19,500.0,0.000840271998801434
19,800.0,0.0013831286400753928
19,1000.0,0.001634456077744928
19,1500.0,0.002522364632132623
19,2000.0,0.003365724220583899
19,3000.0,0.005058687020777275
19,5000.0,0.00849191591751064
19,7500.0,0.012929410280623888
19,10000.0,0.017639070171663107
19,15000.0,0.028735798362226617
19,20000.0,0.046715941252204685
19,30000.0,1.9959087319616513
19,40000.0,2.0089880486172653
19,50000.0,2.0218953148334498
20,0.0,0.0
20,0.1,1.2566370614359172e-07
20,0.2,2.5132741228718345e-07
20,0.5,6.283185307179586e-07
20,1.0,1.2566370614359173e-06
20,2.0,2.5132741228718346e-06
20,5.0,6.636040105423291e-06
20,10.0,1.2919234301023153e-05
20,20.0,2.5485604915382326e-05
20,50.0,0.0002824894981364734
20,100.0,0.0003453213512082693
20,200.0,0.00047098507906750964
20,500.0,0.0015142416839183381
20,800.0,0.0025876582404492643
20,1000.0,0.0028389857585201517
20,1500.0,0.004549174432061376
20,2000.0,0.006073472866282459
20,3000.0,0.009155297298210296
20,5000.0,0.015505738304468109
20,7500.0,0.02404176405045444
20,10000.0,0.03372283165054224
20,15000.0,0.061125894656732904
20,20000.0,1.973154717453665
20,30000.0,1.9892845006330797
20,40000.0,2.0040719907294466
20,50000.0,2.018110949185727
21,0.0,0.0
21,0.1,1.2566370614359172e-07
21,0.2,2.5132741228718345e-07
21,0.5,6.283185307179586e-07
21,1.0,1.2566370614359173e-06
21,2.0,2.5132741228718346e-06
21,5.0,6.283185307179587e-06
21,10.0,1.2566370614359173e-05
21,20.0,2.5132741228718347e-05
21,50.0,6.833064552513868e-05
21,100.0,0.0001311624987856419
21,200.0,0.00026068810263812914
21,500.0,0.0006646830963369377
21,800.0,0.001070334586784183
21,1000.0,0.0013296602446644101
21,1500.0,0.001994676594768263
21,2000.0,0.0026599576045168716
21,3000.0,0.0039920192769618
21,5000.0,0.006663866408821217
21,7500.0,0.010028508122648105
21,10000.0,0.01343931613550542
21,15000.0,0.020539969276999526
21,20000.0,0.02859629413288589
21,30000.0,1.9975782770285262
21,40000.0,2.0102338143121754
21,50000.0,2.022859858074735
22,0.0,0.0
22,0.1,1.2566370614359172e-07
22,0.2,2.5132741228718345e-07
22,0.5,6.283185307179586e-07
22,1.0,1.2566370614359173e-06
22,2.0,2.5132741228718346e-06
22,5.0,6.283185307179587e-06
22,10.0,1.2566370614359173e-05
22,20.0,2.5132741228718347e-05
22,50.0,0.00042779092296652
22,100.0,0.0004906227760383159
22,200.0,0.000616286518367537
22,500.0,0.002103504474998852
22,800.0,0.003638094229128974
22,1000.0,0.003889421817133365
22,1500.0,0.00631483569975011
22,2000.0,0.008438933916497748
22,3000.0,0.01273096313995492
22,5000.0,0.021620993326805005
22,7500.0,0.03372891119743837
22,10000.0,0.047785889894459976
22,15000.0,0.09170133579245698
22,20000.0,0.992455408222576
22,30000.0,1.0068306729913812
22,40000.0,1.0200618277326978
22,50000.0,1.0326521147320287
23,0.0,0.0
23,0.1,1.2566370614359172e-07
23,0.2,2.5132741228718345e-07
23,0.5,6.283185307179586e-07
23,1.0,1.2566370614359173e-06
23,2.0,2.5132741228718346e-06
23,5.0,6.283185307179587e-06
23,10.0,1.2566370614359173e-05
23,20.0,2.5132741228718347e-05
23,50.0,6.283185307179587e-05
23,100.0,0.00017040878305385476
23,200.0,0.00031783242056870886
23,500.0,0.0008506618748120864
23,800.0,0.0014031732673711605
23,1000.0,0.0017032252862206887
23,1500.0,0.0025565237978059097
23,2000.0,0.0034115082864148993
23,3000.0,0.005129651830551474
23,5000.0,0.008611791551543124
23,7500.0,0.013118633431831839
23,10000.0,0.01791045174207362
23,15000.0,0.029251783180436863
23,20000.0,0.04784789847870341
23,30000.0,1.995780122954221
23,40000.0,2.008891197333095
23,50000.0,2.0218198313979903
24,0.0,0.0
24,0.1,1.8899821406792583e-06
24,0.2,2.01564584682285e-06
24,0.5,2.3926369652536253e-06
24,1.0,3.0209554959715836e-06
24,2.0,4.277592557407501e-06
24,5.0,8.047503741715253e-06
24,10.0,1.433068904889484e-05
24,20.0,2.6897059663254013e-05
24,50.0,6.459618567800085e-05
24,100.0,0.00041730554332597425
24,200.0,0.0005429692715948065
24,500.0,0.0015987917491964154
24,800.0,0.002736037420770221
24,1000.0,0.002987364949159188
24,1500.0,0.0048030794569711155
24,2000.0,0.006411878960699946
24,3000.0,0.009667135889914302
24,5000.0,0.016379987480564573
24,7500.0,0.025421657095109906
24,10000.0,0.03570717032112136
24,15000.0,0.06516485985313691
24,20000.0,1.971880870394528
24,30000.0,1.9883792680856693
24,40000.0,2.0033994619190505
24,50000.0,2.0175928765958897
25,0.0,0.0
25,0.1,2.3973367876184426e-05
25,0.2,2.4099031582328018e-05
25,0.5,2.447602270075879e-05
25,1.0,2.5104341231476752e-05
25,2.0,2.6360978292912667e-05
25,5.0,3.013088947722042e-05
25,10.0,3.641407478440001e-05
25,20.0,4.8980445398759184e-05
25,50.0,8.66795572418367e-05
25,100.0,0.00014951141438990234
25,200.0,0.0003585587711638638
25,500.0,0.0008935642167100522
25,800.0,0.0014293635943677385
25,1000.0,0.0017295038388056572
25,1500.0,0.0026818394142468227
25,2000.0,0.003579726255710347
25,3000.0,0.0053833510258601835
25,5000.0,0.00905127346488599
25,7500.0,0.0138189110186695
25,10000.0,0.018939735472693675
25,15000.0,0.03136925989345052
25,20000.0,0.05363922427932655
25,30000.0,1.9954436478383828
25,40000.0,2.008644124128941
25,50000.0,2.0216308140510595
26,0.0,0.0
26,0.1,5.908707463087026e-06
26,0.2,6.034371169230618e-06
26,0.5,6.411362287661393e-06
26,1.0,7.039680818379352e-06
26,2.0,8.296317879815269e-06
26,5.0,1.2066229064133793e-05
26,10.0,1.834941437131338e-05
26,20.0,3.091578498567255e-05
26,50.0,6.861489682875007e-05
26,100.0,0.00013144684110888427
26,200.0,0.002122730269183859
26,500.0,0.005428294040969339
26,800.0,0.008055134544161846
26,1000.0,0.010875995693171325
26,1500.0,0.01636325645782455
26,2000.0,0.021871631804687652
26,3000.0,0.03310147062156821
26,5000.0,0.05678666248106845
26,7500.0,0.09073148127383279
26,10000.0,0.1357507845004159
26,15000.0,1.9118714541751196
26,20000.0,1.9322172043861738
26,30000.0,1.9631349796703192
26,40000.0,1.9864600533786945
26,50000.0,2.0056894682248494
27,0.0,0.0
27,0.1,1.5371184538537364e-06
27,0.2,1.662782159997328e-06
27,0.5,2.0397732784281034e-06
27,1.0,2.6680918091460617e-06
27,2.0,3.924728870581979e-06
27,5.0,7.69464005488973e-06
27,10.0,1.3977825362069317e-05
27,20.0,2.654419597642849e-05
27,50.0,6.424338856536593e-05
27,100.0,0.001778692854274233
27,200.0,0.0019043566869697548
27,500.0,0.00616416202713066
27,800.0,0.010908527038318572
27,1000.0,0.011159855111643413
27,1500.0,0.018548747083897865
27,2000.0,0.024779522773031415
27,3000.0,0.037396351071025014
27,5000.0,0.06361388860427908
27,7500.0,0.09975121617967009
27,10000.0,0.1434847725324978
27,15000.0,1.8696762212582747
27,20000.0,1.8962924261076677
27,30000.0,1.9372432548253185
27,40000.0,1.9676686987363718
27,50000.0,1.991813483298434
28,0.0,0.0
28,0.1,1.25663706329604e-07
28,0.2,2.5132741247319575e-07
28,0.5,6.283185309039709e-07
28,1.0,1.2566370616219295e-06
28,2.0,2.513274123057847e-06
28,5.0,6.283185307365599e-06
28,10.0,1.2566370614545185e-05
28,20.0,2.513274122890436e-05
28,50.0,6.283185307653927e-05
28,100.0,0.00012576172384581863
28,200.0,0.0002516606724610737
28,500.0,0.0006294261306877269
28,800.0,0.0010072013905808586
28,1000.0,0.0012585288029918207
28,1500.0,0.001888111761781719
28,2000.0,0.0025174790820310378
28,3000.0,0.003776409757355381
28,5000.0,0.006294094676001838
28,7500.0,0.00944218590257273
28,10000.0,0.012591492547562089
28,15000.0,0.01889754539007249
28,20000.0,0.025229288648187853
28,30000.0,0.03923474822676343
28,40000.0,2.010484675608546
28,50000.0,2.0230543252044906
29,0.0,0.0
29,0.1,1.25663706329604e-07
29,0.2,2.5132741247319575e-07
29,0.5,6.283185309039709e-07
29,1.0,1.2566370616219295e-06
29,2.0,2.513274123057847e-06
29,5.0,6.283185307365599e-06
29,10.0,1.2566370614545185e-05
29,20.0,2.513274122890436e-05
29,50.0,6.283185307198188e-05
29,100.0,0.00012566371848621305
29,200.0,0.0005037915907265544
29,500.0,0.001257131437103376
29,800.0,0.0018138870755304293
29,1000.0,0.002524064675966997
29,1500.0,0.0037862243360694547
29,2000.0,0.00505595116737545
29,3000.0,0.007618281852669662
29,5000.0,0.012888636594904135
29,7500.0,0.019940958732240888
29,10000.0,0.027883202494366266
29,15000.0,0.04988994277113035
29,20000.0,1.9772152552453346
29,30000.0,1.992189940915791
29,40000.0,2.0062428082211325
29,50000.0,2.0197891593502106
30,0.0,0.0
30,0.1,1.2566370614359172e-07
30,0.2,2.5132741228718345e-07
30,0.5,6.283185307179586e-07
30,1.0,1.2566370614359173e-06
30,2.0,2.5132741228718346e-06
30,5.0,6.283185307179587e-06
30,10.0,1.2566370614359173e-05
30,20.0,2.5132741228718347e-05
30,50.0,0.0005015590370569534
30,100.0,0.0005643908901287493
30,200.0,0.0006900546395516294
30,500.0,0.0023949208905025277
30,800.0,0.00416281233324578
30,1000.0,0.004414139956902652
30,1500.0,0.007204179609059724
30,2000.0,0.009624850017445286
30,3000.0,0.014531077678867854
30,5000.0,0.024732172801813723
30,7500.0,0.0387135420286564
30,10000.0,0.055212346964109926
30,15000.0,0.11162989278192503
30,20000.0,1.9614352987028627
30,30000.0,1.981163264791114
30,40000.0,1.998167110710999
30,50000.0,2.013650408325704
31,0.0,0.0
31,0.1,4.197167787767242e-07
31,0.2,5.45380484920316e-07
31,0.5,9.223716033510911e-07
31,1.0,1.5506901340690497e-06
31,2.0,2.807327195504967e-06
31,5.0,6.577238379812719e-06
31,10.0,1.2860423686992305e-05
31,20.0,2.542679430135148e-05
31,50.0,0.0017751421005934853
31,100.0,0.0018379739536652812
31,200.0,0.001963637828323317
31,500.0,0.007510925185507444
31,800.0,0.013321722871609931
31,1000.0,0.015035504026322366
31,1500.0,0.0225824691110873
31,2000.0,0.030180817297754348
31,3000.0,0.04554183700736081
31,5000.0,0.07750093680595138
31,7500.0,0.12176970430049328
31,10000.0,0.17680402279390783
31,15000.0,1.8355699572188038
31,20000.0,1.8693712685417354
31,30000.0,1.9211668352854094
31,40000.0,1.9585753320566401
31,50000.0,1.9869422761878073
32,0.0,0.0
32,0.1,3.2169908781298773e-07
32,0.2,4.473627939565795e-07
32,0.5,8.243539123873546e-07
32,1.0,1.4526724431053133e-06
32,2.0,2.7093095045412306e-06
32,5.0,6.479220688848983e-06
32,10.0,1.2762405996028569e-05
32,20.0,2.5328776610387742e-05
32,50.0,6.302789229639671e-05
32,100.0,0.000204469929540263
32,200.0,0.0003301336417380618
32,500.0,0.0008928682950755107
32,800.0,0.001477392253310117
32,1000.0,0.0017287196973655439
32,1500.0,0.002681937431926462
32,2000.0,0.0035790793389118836
32,3000.0,0.00538230223659375
32,5000.0,0.009050959808247994
32,7500.0,0.013823194391699878
32,10000.0,0.018950723255008795
32,15000.0,0.03145081070374023
32,20000.0,0.05434498098171281
32,30000.0,1.9954679072160444
32,40000.0,2.008662865112098
32,50000.0,2.021645467698086
33,0.0,0.0
33,0.1,4.007164261743412e-06
33,0.2,4.132827967887004e-06
33,0.5,4.509819086317779e-06
33,1.0,5.138137617035738e-06
33,2.0,6.394774678471655e-06
33,5.0,1.0164685862779408e-05
33,10.0,1.6447871169958993e-05
33,20.0,2.9014241784318167e-05
33,50.0,6.671335362739569e-05
33,100.0,0.00012954541550702636
33,200.0,0.004526261391697539
33,500.0,0.011499098374557426
33,800.0,0.017074232968834813
33,1000.0,0.02299622681595237
33,1500.0,0.034562877353325305
33,2000.0,0.04618113772249588
33,3000.0,0.06968074250085865
33,5000.0,0.11851955585702878
33,7500.0,0.18632537058155263
33,10000.0,0.2738857778709286
33,15000.0,1.7297537577736901
33,20000.0,1.792648015520732
33,30000.0,1.8877503933936364
33,40000.0,1.9531066864142126
33,50000.0,1.9940112267212349
34,0.0,0.0
34,0.1,1.2566370614359172e-07
34,0.2,2.5132741228718345e-07
34,0.5,6.283185307179586e-07
34,1.0,1.2566370614359173e-06
34,2.0,2.5132741228718346e-06
34,5.0,6.283185307179587e-06
34,10.0,1.2566370614359173e-05
34,20.0,2.5132741228718347e-05
34,50.0,6.283185307179587e-05
34,100.0,0.0027013245647655726
34,200.0,0.0230530566938838
34,500.0,0.06318277397154126
34,800.0,0.14034951328594614
34,1000.0,0.1406010155320725
34,1500.0,1.929293150694201
34,2000.0,1.9395215314409766
34,3000.0,1.9511878425356
34,5000.0,1.9612591916503885
34,7500.0,1.9672255269734669
34,10000.0,1.9714046367920055
34,15000.0,1.9784403628880498
34,20000.0,1.9849872843247875
34,30000.0,1.9977428977369722
34,40000.0,2.0103763516408364
34,50000.0,2.022974685814775
35,0.0,0.0
35,0.1,1.2566370614359172e-07
35,0.2,2.5132741228718345e-07
35,0.5,6.283185307179586e-07
35,1.0,1.2566370614359173e-06
35,2.0,2.5132741228718346e-06
35,5.0,6.283185307179587e-06
35,10.0,1.2566370614359173e-05
35,20.0,2.5132741228718347e-05
35,50.0,6.283185307179587e-05
35,100.0,0.004247993727782506
35,200.0,0.004373657752220761
35,500.0,0.014516446023639995
35,800.0,0.02574987568958942
35,1000.0,0.026001204805116918
35,1500.0,0.044048931369552236
35,2000.0,0.05931819486406509
35,3000.0,0.09192731918910757
35,5000.0,0.1795025153790999
35,7500.0,1.5199287866449984
35,10000.0,1.590228375010721
35,15000.0,1.7412119906892016
35,20000.0,1.8986791898249087
35,30000.0,1.9522091352851167
35,40000.0,1.9849007672002612
35,50000.0,2.0075590949756337
36,0.0,0.0
36,0.1,6.157521600380633e-07
36,0.2,7.414158661816551e-07
36,0.5,1.1184069846124303e-06
36,1.0,1.746725515450187e-06
36,2.0,3.0033625768861046e-06
36,5.0,6.773273761195853e-06
36,10.0,1.305645906837544e-05
36,20.0,2.562282968273461e-05
36,50.0,6.33222444008652e-05
36,100.0,0.006321293328722333
36,200.0,0.006446957288384181
36,500.0,0.014602299380782946
36,800.0,0.021684848234043597
36,1000.0,0.029218243107802966
36,1500.0,0.04392373341483957
36,2000.0,0.05869725253017144
36,3000.0,0.08861941731835365
36,5000.0,0.1510968130826481
36,7500.0,0.23955463204447647
36,10000.0,0.3682419833696201
36,15000.0,1.7126919101364924
36,20000.0,1.80001588471751
36,30000.0,1.8781598676298603
36,40000.0,1.9802659529632327
36,50000.0,2.0166536588463693
37,0.0,0.0
37,0.1,1.2724706884847947e-06
37,0.2,1.3981343946283865e-06
37,0.5,1.7751255130591617e-06
37,1.0,2.40344404377712e-06
37,2.0,3.6600811052130375e-06
37,5.0,7.429992289531562e-06
37,10.0,1.3713177596711148e-05
37,20.0,2.627954821107032e-05
37,50.0,6.397866005414784e-05
37,100.0,0.00012681071608611205
37,200.0,0.004403915703779515
37,500.0,0.011184334152786524
37,800.0,0.016620411031579962
37,1000.0,0.022394682414511813
37,1500.0,0.03364141304618462
37,2000.0,0.04495189780550646
37,3000.0,0.06787093401698374
37,5000.0,0.11553752448627996
37,7500.0,0.1823098896575509
37,10000.0,0.27099392259448707
37,15000.0,1.7559329001053214
37,20000.0,1.8131716954456691
37,30000.0,1.9026626668783548
37,40000.0,1.9627852871056142
37,50000.0,1.9996549405550519
38,0.0,0.0
38,0.1,1.2566370614359172e-07
38,0.2,2.5132741228718345e-07
38,0.5,6.283185307179586e-07
38,1.0,1.2566370614359173e-06
38,2.0,2.5132741228718346e-06
38,5.0,6.283185307179587e-06
38,10.0,1.2566370614359173e-05
38,20.0,2.973957110152803e-05
38,50.0,7.139860012672639e-05
38,100.0,0.0001522265003479628
38,200.0,0.0002778902095030844
38,500.0,0.0007472728060893274
38,800.0,0.0011957678286234064
38,1000.0,0.0014700902007938055
38,1500.0,0.002242818179432393
38,2000.0,0.00299218858420347
38,3000.0,0.004495526364808544
38,5000.0,0.007525618329495387
38,7500.0,0.011396011731186206
38,10000.0,0.015418881343608248
38,15000.0,0.024385360751276397
38,20000.0,0.03677939853387846
38,30000.0,1.996786970438333
38,40000.0,2.009642551973224
38,50000.0,2.022401625296939
39,0.0,0.0
39,0.1,1.2566370614359172e-07
39,0.2,2.5132741228718345e-07
39,0.5,6.283185307179586e-07
39,1.0,1.2566370614359173e-06
39,2.0,2.5132741228718346e-06
39,5.0,6.283185307179587e-06
39,10.0,1.2566370614359173e-05
39,20.0,2.5132741228718347e-05
39,50.0,6.283185307179587e-05
39,100.0,0.005875381448002259
39,200.0,0.006001045389708248
39,500.0,0.013605469226403821
39,800.0,0.020187373065678083
39,1000.0,0.02723230657694109
39,1500.0,0.040938340006484886
39,2000.0,0.05467195982686157
39,3000.0,0.08259414230540596
39,5000.0,0.14098850362806004
39,7500.0,0.2238257822821158
39,10000.0,0.34256153583731935
39,15000.0,1.7402075901546228
39,20000.0,1.8072864082277804
39,30000.0,1.907449811716341
39,40000.0,1.967755029050581
39,50000.0,2.0016847317239295
40,0.0,0.0
40,0.1,0.9638560238828056
40,0.2,0.9638561495465118
40,0.5,0.9638565265376302
40,1.0,0.9638571548561609
40,2.0,0.9638584114932223
40,5.0,0.9638621814044066
40,10.0,0.9638684645897138
40,20.0,0.9638810309603282
40,50.0,0.9639187300721712
40,100.0,0.9639815619252431
40,200.0,0.9644473795788062
40,500.0,0.964824370697237
40,800.0,0.9655683422772647
40,1000.0,0.965819669689552
40,1500.0,0.9667850647958708
40,2000.0,0.9677561310866535
40,3000.0,0.969655950035342
40,5000.0,0.9732841729207627
40,7500.0,0.9775623783908969
40,10000.0,0.9816071043432849
40,15000.0,0.9891786315630297
40,20000.0,0.9962557596576668
40,30000.0,1.0094943423517877
40,40000.0,1.022060712966147
40,50000.0,1.034627083580506
41,0.0,0.0
41,0.1,5.961486222449963e-07
41,0.2,7.218123283885881e-07
41,0.5,1.0988034468193633e-06
41,1.0,1.7271219775373219e-06
41,2.0,2.983759038973239e-06
41,5.0,6.753670223280991e-06
41,10.0,1.3036855530460577e-05
41,20.0,2.560322614481975e-05
41,50.0,6.33024728086129e-05
41,100.0,0.0028838227144158957
41,200.0,0.003009486631184277
41,500.0,0.009848784484184692
41,800.0,0.017482328515511125
41,1000.0,0.017733657038487505
41,1500.0,0.029721234700783805
41,2000.0,0.03980511788149044
41,3000.0,1.3822343561164723
41,5000.0,1.4385756488342603
41,7500.0,1.5047813348554375
41,10000.0,1.5688526091549617
41,15000.0,1.7106462936346465
41,20000.0,1.8845946925517358
41,30000.0,1.9361067893981807
41,40000.0,1.9712282302045723
41,50000.0,1.9970156635121201
42,0.0,0.0
42,0.1,1.2566370614359172e-07
42,0.2,2.5132741228718345e-07
42,0.5,6.283185307179586e-07
42,1.0,1.2566370614359173e-06
42,2.0,2.5132741228718346e-06
42,5.0,6.283185307179587e-06
42,10.0,1.2566370614359173e-05
42,20.0,0.0001502621175690777
42,50.0,0.00018796123713671342
42,100.0,0.0002507930902085093
42,200.0,0.0003764568109542177
42,500.0,0.0012014574021351754
42,800.0,0.0019226866677016785
42,1000.0,0.002404757537166513
42,1500.0,0.0036099689251986034
42,2000.0,0.004821394821277525
42,3000.0,0.007260664298891606
42,5000.0,0.012265008848833303
42,7500.0,0.018907764060485666
42,10000.0,0.026288846804827792
42,15000.0,0.04591696292942005
42,20000.0,1.9774999961144362
42,30000.0,1.9923484943231022
42,40000.0,2.006337855983689
42,50000.0,2.01984841106403
43,0.0,0.0
43,0.1,1.8447432081902804e-07
43,0.2,3.101380269626198e-07
43,0.5,6.871291453933949e-07
43,1.0,1.3154476761113536e-06
43,2.0,2.572084737547271e-06
43,5.0,6.341995921855023e-06
43,10.0,1.262518122903461e-05
43,20.0,2.5191551843393782e-05
43,50.0,6.289066774223251e-05
43,100.0,0.0002086846902443762
43,200.0,0.00033434840282231537
43,500.0,0.000908747161937673
43,800.0,0.0015049744314991065
43,1000.0,0.0017563018774627848
43,1500.0,0.0027290349321084095
43,2000.0,0.0036415558180512564
43,3000.0,0.005475752305337478
43,5000.0,0.009214247476759141
43,7500.0,0.014085675964632949
43,10000.0,0.019338118558992368
43,15000.0,0.03225576161079702
43,20000.0,0.05668378091341586
43,30000.0,1.9953582254244904
43,40000.0,2.008583470778839
43,50000.0,2.02158552986944
44,0.0,0.0
44,0.1,1.2566370614359172e-07
44,0.2,2.5132741228718345e-07
44,0.5,6.283185307179586e-07
44,1.0,1.2566370614359173e-06
44,2.0,2.5132741228718346e-06
44,5.0,6.283185307179587e-06
44,10.0,1.2899630612683843e-05
44,20.0,3.0219859088909118e-05
44,50.0,8.237658183107843e-05
44,100.0,0.00017006572753341942
44,200.0,0.0004483429804208461
44,500.0,0.0011211515041397169
44,800.0,0.0017941560634197051
44,1000.0,0.002243773273705618
44,1500.0,0.0033661009115432128
44,2000.0,0.0044964073496488455
44,3000.0,0.006771644225955442
44,5000.0,0.011424046480143502
44,7500.0,0.01757420397810483
44,10000.0,0.024354565768479164
44,15000.0,0.042004025821912094
44,20000.0,0.08681365202297975
44,30000.0,1.9931387325198586
44,40000.0,2.0069239135837673
44,50000.0,2.0203003609084407
45,0.0,0.0
45,0.1,8.11787541854514e-07
45,0.2,9.374512479981057e-07
45,0.5,1.314442366428881e-06
45,1.0,1.9427608971468393e-06
45,2.0,3.1993979585827568e-06
45,5.0,6.9693091428905084e-06
45,10.0,1.3252494450070095e-05
45,20.0,2.581886506442927e-05
45,50.0,0.0004222627252059574
45,100.0,0.0004850945889428582
45,200.0,0.0008289064853630457
45,500.0,0.0020746382633852756
45,800.0,0.003588663907662659
45,1000.0,0.0038399914932440993
45,1500.0,0.0062406265063608135
45,2000.0,0.008337485602571526
45,3000.0,0.012589053125594885
45,5000.0,0.021430446937701797
45,7500.0,0.033566829143589216
45,10000.0,0.04791847838862262
45,15000.0,0.09637921551937945
45,20000.0,1.9670975232867933
45,30000.0,1.985201299445887
45,40000.0,2.0011634332322314
45,50000.0,2.015947384682601
46,0.0,0.0
46,0.1,3.6090616428730016e-07
46,0.2,4.865698704308919e-07
46,0.5,8.63560988861667e-07
46,1.0,1.4918795195796257e-06
46,2.0,2.748516581015543e-06
46,5.0,6.5184277653232955e-06
46,10.0,1.2801613072502881e-05
46,20.0,2.5367983686862055e-05
46,50.0,0.00015177310656389054
46,100.0,0.00023234616080147763
46,200.0,0.0003580098750968208
46,500.0,0.0009851029427148106
46,800.0,0.0015770370508323417
46,1000.0,0.0018951635487819418
46,1500.0,0.0029576317894527415
46,2000.0,0.00394942940029952
46,3000.0,0.005941846039488885
46,5000.0,0.01000520122060744
46,7500.0,0.015326668140361432
46,10000.0,0.021104642326780332
46,15000.0,0.03554853913435796
46,20000.0,0.06423381846476584
46,30000.0,1.9944813591944732
46,40000.0,2.007923478433038
46,50000.0,2.0210716720448945
47,0.0,0.0
47,0.1,2.432849353084521e-07
47,0.2,3.6894864145204383e-07
47,0.5,7.45939759882819e-07
47,1.0,1.3742582906007776e-06
47,2.0,2.630895352036695e-06
47,5.0,6.400806536344447e-06
47,10.0,1.2683991843524033e-05
47,20.0,2.5250362457883207e-05
47,50.0,6.294947482499147e-05
47,100.0,0.00013650446274515726
47,200.0,0.0002621681697241307
47,500.0,0.0006647811139863791
47,800.0,0.0010699229109186748
47,1000.0,0.0013212503276845977
47,1500.0,0.0019953725202593864
47,2000.0,0.0026604967019647763
47,3000.0,0.003994077648732386
47,5000.0,0.006673785798838927
47,7500.0,0.010066852642930946
47,10000.0,0.013544636136040289
47,15000.0,0.02113371191701885
47,20000.0,0.032449427968432865
47,30000.0,1.997667522132
47,40000.0,2.01029583991025
47,50000.0,2.0229021429174256
48,0.0,0.0
48,0.1,1.25663706329604e-07
48,0.2,2.5132741247319575e-07
48,0.5,6.283185309039709e-07
48,1.0,1.2566370616219295e-06
48,2.0,2.513274123057847e-06
48,5.0,6.283185307365599e-06
48,10.0,1.2566370614545185e-05
48,20.0,2.513274122890436e-05
48,50.0,7.184948073235553e-05
48,100.0,0.00013688673192224776
48,200.0,0.0002662947144099759
48,500.0,0.0006659573264036212
48,800.0,0.0010726674078596066
48,1000.0,0.0013321694976444753
48,1500.0,0.0019981660245483868
48,2000.0,0.0026649467052234366
48,3000.0,0.003999517630483007
48,5000.0,0.006676598906661835
48,7500.0,0.010049091837616486
48,10000.0,0.013469603600769098
48,15000.0,0.020597691904189808
48,20000.0,0.028715944320433895
48,30000.0,1.9975663188706965
48,40000.0,2.0102249045037084
48,50000.0,2.0228528988176127
49,0.0,0.0
49,0.1,1.5861272991690711e-06
49,0.2,1.7117910053126629e-06
49,0.5,2.088782123743438e-06
49,1.0,2.7171006544613965e-06
49,2.0,3.973737715897314e-06
49,5.0,7.743648900205066e-06
49,10.0,1.4026834207384652e-05
49,20.0,2.6593204821743826e-05
49,50.0,6.429231666482135e-05
49,100.0,0.00012712416981341956
49,200.0,0.0002543659610932947
49,500.0,0.0006433642469970691
49,800.0,0.0010294710111172778
49,1000.0,0.0012868755205069915
49,1500.0,0.0019301417474223426
49,2000.0,0.002573986283592067
49,3000.0,0.003861753762771425
49,5000.0,0.006440356671951752
49,7500.0,0.009673840911924247
49,10000.0,0.012926840460340094
49,15000.0,0.019546069737704563
49,20000.0,0.02654787155131544
49,30000.0,1.9977827909328063
49,40000.0,2.0103868003302887
49,50000.0,2.0229785575171872
50,0.0,0.0
50,0.1,1.2566370614359172e-07
50,0.2,2.5132741228718345e-07
50,0.5,6.283185307179586e-07
50,1.0,1.2566370614359173e-06
50,2.0,2.5132741228718346e-06
50,5.0,6.283185307179587e-06
50,10.0,1.2566370614359173e-05
50,20.0,2.5132741228718347e-05
50,50.0,8.310191152760549e-05
50,100.0,0.00014593376459940137
50,200.0,0.0002715974727295345
50,500.0,0.0007095359944506718
50,800.0,0.0011496406988399377
50,1000.0,0.001400968120854218
50,1500.0,0.002128764794987581
50,2000.0,0.002839437807195311
50,3000.0,0.004264253617916047
50,5000.0,0.007131312768998699
50,7500.0,0.010777030016640543
50,10000.0,0.014535173479461871
50,15000.0,0.022750993951906384
50,20000.0,0.03364799814460473
50,30000.0,1.9971940967038473
50,40000.0,2.00994768105718
50,50000.0,2.022638142022648
51,0.0,0.0
51,0.1,1.2566370614359172e-07
51,0.2,2.5132741228718345e-07
51,0.5,6.283185307179586e-07
51,1.0,1.2566370614359173e-06
51,2.0,2.5132741228718346e-06
51,5.0,6.283185307179587e-06
51,10.0,1.2566370614359173e-05
51,20.0,2.5132741228718347e-05
51,50.0,6.283185307179587e-05
51,100.0,0.0017945619184135397
51,200.0,0.0019202257526504951
51,500.0,0.006227324630219577
51,800.0,0.011010259599591676
51,1000.0,0.011261587679957774
51,1500.0,0.018722493241696614
51,2000.0,0.025022508642789654
51,3000.0,0.03778543230845266
51,5000.0,0.064415212616586
51,7500.0,0.10158780304441917
51,10000.0,0.14853503563837533
51,15000.0,1.8671724084477357
51,20000.0,1.8944151814149368
51,30000.0,1.9364891362359793
51,40000.0,1.9677212165160811
51,50000.0,1.992347924491779
52,0.0,0.0
52,0.1,4.253791851205335e-05
52,0.2,4.266358221819695e-05
52,0.5,4.304057333662772e-05
52,1.0,4.366889186734568e-05
52,2.0,4.49255289287816e-05
52,5.0,4.869544011308935e-05
52,10.0,5.497862542026893e-05
52,20.0,6.754499603462811e-05
52,50.0,0.00010524410787770563
52,100.0,0.0001680759674950183
52,200.0,0.00042763184128380427
52,500.0,0.0010675358246761135
52,800.0,0.0017086258036245194
52,1000.0,0.0020416019888434
52,1500.0,0.003206528110401896
52,2000.0,0.004282101459699872
52,3000.0,0.006446872401518089
52,5000.0,0.01086772748106657
52,7500.0,0.016694701044432714
52,10000.0,0.023084746632181297
52,15000.0,0.03948017699922712
52,20000.0,0.0767608605618636
52,30000.0,1.9936727132757928
52,40000.0,2.0073217870109374
52,50000.0,2.020607509194326
53,0.0,0.0
53,0.1,2.8256740963517046e-05
53,0.2,2.838240466966064e-05
53,0.5,2.875939578809141e-05
53,1.0,2.9387714318809373e-05
53,2.0,3.064435138024529e-05
53,5.0,3.441426256455304e-05
53,10.0,4.069744787173263e-05
53,20.0,5.3263818486091804e-05
53,50.0,9.096293032916932e-05
53,100.0,0.0001537947834009652
53,200.0,0.00027945849349764185
53,500.0,0.0007777367058817708
53,800.0,0.0012445708377695208
53,1000.0,0.0015235000442787028
53,1500.0,0.002334807781758874
53,2000.0,0.003113828544782593
53,3000.0,0.004681661964377026
53,5000.0,0.007853487499960399
53,7500.0,0.011939539427473056
53,10000.0,0.01625712859908368
53,15000.0,0.02639854682278442
53,20000.0,0.04370390670584379
53,30000.0,1.996669113972221
53,40000.0,2.009560805214671
53,50000.0,2.0223408151100286
54,0.0,0.0
54,0.1,1.2566370614359172e-07
54,0.2,2.5132741228718345e-07
54,0.5,6.283185307179586e-07
54,1.0,1.2566370614359173e-06
54,2.0,2.5132741228718346e-06
54,5.0,6.283185307179587e-06
54,10.0,1.2566370614359173e-05
54,20.0,2.5132741228718347e-05
54,50.0,6.283185307179587e-05
54,100.0,0.0005229980193068862
54,200.0,0.0006486617560771402
54,500.0,0.0019653191253516944
54,800.0,0.0033873845796211777
54,1000.0,0.0036387121521683774
54,1500.0,0.00590604312050691
54,2000.0,0.007891701122250683
54,3000.0,0.011912142937428372
54,5000.0,0.020289775880006466
54,7500.0,0.031835591687350284
54,10000.0,0.04553456080568152
54,15000.0,0.0927297237416197
54,20000.0,1.9696082162749402
54,30000.0,1.98703877821904
54,40000.0,2.002554255310553
54,50000.0,2.0170315291242242
55,0.0,0.0
55,0.1,2.2368139718231816e-07
55,0.2,3.493451033259099e-07
55,0.5,7.263362217566851e-07
55,1.0,1.3546547524746437e-06
55,2.0,2.611291813910561e-06
55,5.0,6.381202998229085e-06
55,10.0,1.2664388305408672e-05
55,20.0,2.5230758919767843e-05
55,50.0,6.292987126099714e-05
55,100.0,0.0001359555636766263
55,200.0,0.0002616192706096365
55,500.0,0.0006628207600889446
55,800.0,0.0010669627766567436
55,1000.0,0.0013182901930938185
55,1500.0,0.0019890503792447944
55,2000.0,0.0026526552861598773
55,3000.0,0.003980698233410407
55,5000.0,0.006644645139948446
55,7500.0,0.009998044224490465
55,10000.0,0.013396286370790267
55,15000.0,0.020456811055633017
55,20000.0,0.028427919354104048
55,30000.0,1.997596331886497
55,40000.0,2.010247281943453
55,50000.0,2.0228703165640014
56,0.0,0.0
56,0.1,1.2566370614359172e-07
56,0.2,2.5132741228718345e-07
56,0.5,6.283185307179586e-07
56,1.0,1.2566370614359173e-06
56,2.0,2.5132741228718346e-06
56,5.0,6.283185307179587e-06
56,10.0,1.2566370614359173e-05
56,20.0,2.5132741228718347e-05
56,50.0,0.00016411353296719167
56,100.0,0.00022694538603898755
56,200.0,0.00035260910213485985
56,500.0,0.0010349449471727112
56,800.0,0.0017335320828877343
56,1000.0,0.001984859543952888
56,1500.0,0.003112039056949456
56,2000.0,0.004153992331384693
56,3000.0,0.006252797369171947
56,5000.0,0.010537182427448943
56,7500.0,1.9602371452024756
56,10000.0,1.9644157794032155
56,15000.0,1.9723217066948622
56,20000.0,1.9798014328382432
56,30000.0,1.9939788813232298
56,40000.0,2.0075494037021375
56,50000.0,2.0207829608896035
57,0.0,0.0
57,0.1,7.942197555721453e-05
57,0.2,7.954763926335811e-05
57,0.5,7.99246303817889e-05
57,1.0,8.055294891250685e-05
57,2.0,8.180958597394276e-05
57,5.0,8.557949715825052e-05
57,10.0,9.186268246543011e-05
57,20.0,0.00010442905307978927
57,50.0,0.0001421281649228668
57,100.0,0.0002049600179946627
57,200.0,0.0003306237361196951
57,500.0,0.0010752302204483088
57,800.0,0.0018027815814324333
57,1000.0,0.002054109047156416
57,1500.0,0.0032289349543930257
57,2000.0,0.004310820644582658
57,3000.0,0.006490735319164664
57,5000.0,0.010941917070107166
57,7500.0,0.016813576899267546
57,10000.0,0.023254856328261853
57,15000.0,0.039817495191770136
57,20000.0,0.07785807049930993
57,30000.0,1.993594651989727
57,40000.0,2.0072633684648147
57,50000.0,2.0205621858068836
58,0.0,0.0
58,0.1,9.858443410692974e-05
58,0.2,9.871009781307332e-05
58,0.5,9.908708893150411e-05
58,1.0,9.971540746222206e-05
58,2.0,0.00010097204452365798
58,5.0,0.00010474195570796573
58,10.0,0.00011102514101514532
58,20.0,0.00012359151162950449
58,50.0,0.00016129062347258202
58,100.0,0.00022412249140890683
58,200.0,0.0006538370792562587
58,500.0,0.0016362247078585135
58,800.0,0.002804747822015341
58,1000.0,0.0030560753552049125
58,1500.0,0.004920886918921119
58,2000.0,0.006566893946734154
58,3000.0,0.009904446526891486
58,5000.0,0.016790220915450016
58,7500.0,0.02609347034453191
58,10000.0,0.03673900250789519
58,15000.0,0.06794271995381518
58,20000.0,1.9714989056431598
58,30000.0,1.988120060313057
58,40000.0,2.003213120478141
58,50000.0,2.0174532993784196
59,0.0,0.0
59,0.1,6.202760535423124e-06
59,0.2,6.328424241566716e-06
59,0.5,6.705415359997491e-06
59,1.0,7.33373389071545e-06
59,2.0,8.590370952151367e-06
59,5.0,1.2360282136469891e-05
59,10.0,1.864346744364948e-05
59,20.0,3.120983805800865e-05
59,50.0,6.890936795267422e-05
59,100.0,0.00868275513882144
59,200.0,0.008808419506287857
59,500.0,0.02947587674750507
59,800.0,0.04267903379119409
59,1000.0,0.05945323245891043
59,1500.0,0.09019529737045007
59,2000.0,0.12256691719210211
59,3000.0,0.19647913452984989
59,5000.0,1.763906561415833
59,7500.0,1.877444261395421
59,10000.0,1.924591921492514
59,15000.0,1.9688369531966554
59,20000.0,1.9821130421392827
59,30000.0,1.9970646545830932
59,40000.0,2.010102597982571
59,50000.0,2.022836686633063
60,0.0,0.0
60,0.1,1.2566370614359172e-07
60,0.2,2.5132741228718345e-07
60,0.5,6.283185307179586e-07
60,1.0,1.2566370614359173e-06
60,2.0,2.5132741228718346e-06
60,5.0,6.283185307179587e-06
60,10.0,1.2566370614359173e-05
60,20.0,2.5132741228718347e-05
60,50.0,0.0010098689797349847
60,100.0,0.0010727008328067806
60,200.0,0.0011983646321936936
60,500.0,0.004436208045335399
60,800.0,0.007820479689916393
60,1000.0,0.008071807557651911
60,1500.0,0.01335809287126588
60,2000.0,0.017843927852328356
60,3000.0,0.02693208017454063
60,5000.0,0.04583940003311526
60,7500.0,0.07185312709979641
60,10000.0,0.1030267469787376
60,15000.0,1.9083373281474754
60,20000.0,1.9275345759796427
60,30000.0,1.9578574426030526
60,40000.0,1.981542103914987
60,50000.0,2.001389647427932
61,0.0,0.0
61,0.1,1.2566370614359172e-07
61,0.2,2.5132741228718345e-07
61,0.5,6.283185307179586e-07
61,1.0,1.2566370614359173e-06
61,2.0,2.5132741228718346e-06
61,5.0,6.283185307179587e-06
61,10.0,1.2566370614359173e-05
61,20.0,2.5132741228718347e-05
61,50.0,6.283185307179587e-05
61,100.0,0.00012566370614359174
61,200.0,0.0005702377941789738
61,500.0,0.0016569161778889896
61,800.0,0.0020339074092673437
61,1000.0,0.0028628040305088698
61,1500.0,0.0042981511293752606
61,2000.0,0.005740251907877747
61,3000.0,0.008650378755718502
61,5000.0,0.014645623279117448
61,7500.0,0.022681151085513385
61,10000.0,0.03175637140693566
61,15000.0,0.05717822310335363
61,20000.0,1.9742868211587536
61,30000.0,1.9900772284782495
61,40000.0,2.0046541766315196
61,50000.0,2.0185542342689136
62,0.0,0.0
62,0.1,1.468506070190223e-06
62,0.2,1.5941697763338148e-06
62,0.5,1.97116089476459e-06
62,1.0,2.5994794254825484e-06
62,2.0,3.856116486918466e-06
62,5.0,7.6260276712262175e-06
62,10.0,1.3909212978405804e-05
62,20.0,2.6475583592764977e-05
62,50.0,6.41747140717186e-05
62,100.0,0.0005081973479973412
62,200.0,0.0006338610832222757
62,500.0,0.001903107293313111
62,800.0,0.0032798493710534116
62,1000.0,0.0035311769373584934
62,1500.0,0.0057346689907233905
62,2000.0,0.007673484330850577
62,3000.0,0.0116285777595303
62,5000.0,0.020052808309026893
62,7500.0,0.03242106114594956
62,10000.0,0.04925331240263309
62,15000.0,1.9649239491522474
62,20000.0,1.9740871678884897
62,30000.0,1.9903090403357422
62,40000.0,2.005013960351632
62,50000.0,2.018934582104926
63,0.0,0.0
63,0.1,1.2566370614359172e-07
63,0.2,2.5132741228718345e-07
63,0.5,6.283185307179586e-07
63,1.0,1.2566370614359173e-06
63,2.0,2.5132741228718346e-06
63,5.0,6.283185307179587e-06
63,10.0,1.2566370614359173e-05
63,20.0,2.5132741228718347e-05
63,50.0,7.099672671473378e-05
63,100.0,0.00013382857978652967
63,200.0,0.00025949228673216584
63,500.0,0.0006610858467924752
63,800.0,0.0010631498884849933
63,1000.0,0.0013144773046530611
63,1500.0,0.0019824831939965204
63,2000.0,0.0026439807200877574
63,3000.0,0.003967554060806844
63,5000.0,0.006623502724340202
63,7500.0,0.009967119643167766
63,10000.0,0.013358128084652976
63,15000.0,0.020422789137045316
63,20000.0,0.02854311952777433
63,30000.0,1.9976323729899739
63,40000.0,2.010273589892857
63,50000.0,2.0228895770441273
64,0.0,0.0
64,0.1,2.432849354194744e-07
64,0.2,3.6894864156306613e-07
64,0.5,7.459397599938413e-07
64,1.0,1.3742582907118e-06
64,2.0,2.630895352147717e-06
64,5.0,6.40080653645547e-06
64,10.0,1.2683991843635056e-05
64,20.0,2.525036245799423e-05
64,50.0,6.294947592244693e-05
64,100.0,0.00015895051393655102
64,200.0,0.0002846142226211601
64,500.0,0.0007395588150531651
64,800.0,0.0012031387544740868
64,1000.0,0.001454466180390801
64,1500.0,0.002222175653813996
64,2000.0,0.0029680762322982224
64,3000.0,0.004471717869822478
64,5000.0,0.0075646293681107535
64,7500.0,0.011769057256400428
64,10000.0,0.016910161561127124
64,15000.0,1.9783558618220283
64,20000.0,1.9848019426856476
64,30000.0,1.997558898933177
64,40000.0,2.010228893822323
64,50000.0,2.0228580349439778
