"Time [ns]","CoreLoss [mW]"
0,0
333333.333333333,10123.9416938207
666666.666666667,9793.65210573329
1000000,9948.35439024789
1333333.33333333,10206.47299655
1666666.66666667,11273.5538606243
2000000,9406.99761457399
2333333.33333333,10409.7009185167
2666666.66666667,10866.5860474116
3000000,10088.8263810946
3333333.33333333,12357.2920005552
3666666.66666667,10265.840601519
4000000,18626.0893093548
4333333.33333333,43536.7333914976
4666666.66666666,14396.2114705369
5000000,15805.2852860785
5333333.33333333,14279.4394470009
5666666.66666666,16745.1343534404
6000000,17875.4000204015
6333333.33333333,17835.4281079837
6666666.66666666,21392.6337202872
7000000,20819.6152424955
7333333.33333333,21958.2141814804
7666666.66666666,21325.6983026174
7999999.99999999,24242.5818827811
8333333.33333333,24115.1665502032
8666666.66666666,22169.2714990188
8999999.99999999,23333.9824052987
9333333.33333333,23474.9629219592
9666666.66666666,22206.8457929593
10000000,24916.6452670053
