"Time [ns]","SolidLoss [mW]"
0,0
333333.333333333,0
666666.666666667,0
1000000,0
1333333.33333333,0
1666666.66666667,0
2000000,0
2333333.33333333,0
2666666.66666667,0
3000000,0
3333333.33333333,0
3666666.66666667,0
4000000,0
4333333.33333333,0
4666666.66666666,0
5000000,0
5333333.33333333,0
5666666.66666666,0
6000000,0
6333333.33333333,0
6666666.66666666,0
7000000,0
7333333.33333333,0
7666666.66666666,0
7999999.99999999,0
8333333.33333333,0
8666666.66666666,0
8999999.99999999,0
9333333.33333333,0
9666666.66666666,0
10000000,0
