grade,direction,method,rmse_T,mae_T,low_field_rmse_T,high_field_rmse_T,B800_error_T,B1000_error_T
B23R075,RD,raw,1.6556332092251336,1.5381799026802512,1.8295273915984693,1.4498217765125545,-1.8415026788184607,-1.843216903456697
B23R075,RD,calibration_fit,0.02343489376162285,0.018860583529931155,0.003050041129013235,0.03138388430287988,-0.0036523656101312696,-0.005392520844490711
B23R075,RD,material_holdout,0.025788848813590462,0.02222546834679577,0.019495852864802748,0.03138388430287988,-0.0036523656101312696,-0.005392520844490711
B23R075,TD,raw,1.3366109308724614,1.0942927297025806,1.4691022295056744,0.9943937905889073,-1.6982337796737952,-1.737469811705569
B23R075,TD,calibration_fit,0.006255861750316658,0.0022891410588222333,0.0,0.008847124531628907,0.0,0.0
B23R075,TD,material_holdout,0.10558634254566446,0.09403671802846972,0.1479729820117766,0.058109818885865167,-0.12626510997474294,-0.1263543274562533
B27R090,RD,raw,1.7133008794157119,1.5460214911355665,1.9398228648495346,1.4366122378133337,-1.9483128536921022,-1.9500582667614086
B27R090,RD,calibration_fit,0.019714456697960358,0.014758037073751756,0.0,0.026589825493114554,0.0,0.0
B27R090,RD,material_holdout,0.05936115908342598,0.05334006674497127,0.07772045414802735,0.03530289356251575,-0.07727601826966146,-0.06859365595227329
B27R090,TD,raw,1.255312039329886,1.0539346013896647,1.3232438638955841,1.001270448203169,-1.5563218967203378,-1.595701596731341
B27R090,TD,calibration_fit,0.005366817206016768,0.0018788600976947234,0.0,0.007589825679526195,0.0,0.0
B27R090,TD,material_holdout,0.07235432140102009,0.06799587785859738,0.087478264343543,0.047593126837195514,0.09241801918755077,0.09209315725996414
B27R095,RD,raw,1.723638683350745,1.5546465509405578,1.9163555240949557,1.4868386599355283,-1.923632412109436,-1.9378410012742062
B27R095,RD,calibration_fit,0.01405697414765443,0.00943561858795755,0.0,0.019723283006660826,0.0,0.0
B27R095,RD,material_holdout,0.03623829702689746,0.03317190984754613,0.03432028326991979,0.03439214968805023,-0.03284635009181347,-0.041072796660717836
B27R095,TD,raw,1.2850598847698607,1.0532536508526862,1.3997763373279033,0.948428781534068,-1.647387709481512,-1.6864667355056715
B27R095,TD,calibration_fit,0.004510027839071449,0.001468242640695755,0.0,0.006378142536695066,0.0,0.0
B27R095,TD,material_holdout,0.057384711532127874,0.056184917308685814,0.05309706853024622,0.05555200570837244,-0.06591377805357457,-0.0658295076460258
B30P105,RD,raw,1.5838896536853249,1.448098395614491,1.7729682049297057,1.3459617101667416,-1.775268780262552,-1.8030001499097896
B30P105,RD,calibration_fit,0.008953397500244013,0.005872363380735546,0.0,0.012662016174162448,0.0,0.0
B30P105,RD,material_holdout,0.038646351757956054,0.027921490384268985,0.06647350187362724,0.012662016174162448,0.0603564043850644,0.031852168899820565
B30P105,TD,raw,1.13060016526202,0.9419635007064489,1.225809936083376,0.7989853515679515,-1.472340956793549,-1.510636902454867
B30P105,TD,calibration_fit,0.003631585033673097,0.001122207857270685,0.0,0.005135836807531647,0.0,0.0
B30P105,TD,material_holdout,0.13114060165780322,0.12053043213523944,0.18483366916997243,0.07731327051197989,0.15906374508983578,0.15999267089731206
