direction,H_A_per_m,B_raw_T,B_corrected_T
RD,0.0,0.0,0.0
RD,0.1,0.12216393708289017,4.300000000000137e-05
RD,0.2,0.12216406274659632,0.00017300717662226128
RD,0.5,0.12216443973771475,0.0010653178251121137
RD,1.0,0.12216506805624547,0.004143553589619861
RD,2.0,0.1221663246933069,0.015626497036834427
RD,5.0,0.12217009460449121,0.08009938516541917
RD,10.0,0.1221763777897984,0.42089761471304254
RD,20.0,0.12219348605487924,1.2944846657071494
RD,50.0,0.12230080958369303,1.7406255697775184
RD,100.0,0.12237342730349847,1.8689866351632223
RD,200.0,0.12303106243200322,1.8910171063650594
RD,500.0,0.12448599823955876,1.8959995167588526
RD,800.0,0.12573394084156322,1.9010027211041152
RD,1000.0,0.1267581340918567,1.9297582840016463
RD,1500.0,0.12915487780307805,1.9436470881974721
RD,2000.0,0.1315010549908726,1.950007357485899
RD,3000.0,0.13624033501282265,1.961061182846512
RD,5000.0,0.14606297283130287,1.9666370011472105
RD,7500.0,0.1595696754545607,1.9697785938008003
RD,10000.0,0.17679313611014846,1.9729201864543902
RD,15000.0,0.37888623227756113,1.9792033717615696
RD,20000.0,0.6364101646207838,1.9854865570687492
RD,30000.0,1.8623892973813732,1.9980529276831085
RD,40000.0,1.8804359078994697,2.0106192982974678
RD,50000.0,1.8957963172553196,2.0231856689118266
TD,0.0,0.0,0.0
TD,0.1,0.12226347794390888,6.799999999999862e-05
TD,0.2,0.12226360360761503,0.00013690541469703332
TD,0.5,0.12226398059873346,0.0003573895739910349
TD,1.0,0.12226460891726418,0.0007621829928690094
TD,2.0,0.12226586555432561,0.001709755561633844
TD,5.0,0.12226963546550992,0.005611463924422272
TD,10.0,0.1222759186508171,0.015287021380822163
TD,20.0,0.12228848502143147,0.04393170757432188
TD,50.0,0.12238373399803897,0.19998195968946106
TD,100.0,0.12251625402066033,0.5971458169933678
TD,200.0,0.12355573912316,1.0985723939307646
TD,500.0,0.12575324840772634,1.4995463746438418
TD,800.0,0.12764086870280472,1.5999818254963538
TD,1000.0,0.1291999053081478,1.6398368077630148
TD,1500.0,0.13290640904293433,1.7000740887936328
TD,2000.0,0.13656879846956577,1.749739711423076
TD,3000.0,0.144229420028748,1.8096729270348244
TD,5000.0,0.16228130892954074,1.8499750389396012
TD,7500.0,0.5798859927453339,1.88195385375783
TD,10000.0,1.329293317155091,1.899637959742447
TD,15000.0,1.572627315959764,1.9127809924087185
TD,20000.0,1.5910102330362292,1.923439386521882
TD,30000.0,1.8663839786786371,1.9388206628008802
TD,40000.0,1.8845336290411971,1.9513870334152392
TD,50000.0,1.8987605220260202,1.9639534040295985
