grade,direction,mode,B800_span_T,max_curve_span_T,conditional_B800_std_T,pre_final_guard_B800_span_T,max_imposed_final_guard_change_T,B800_p025_T,B800_median_T,B800_p975_T
B23R075,RD,all_materials,0.0007879468400140421,0.23762741308334645,0.0002016292018008227,0.23797605543075973,0.7430141044310599,1.9605711786491655,1.9613591254891796,1.9613591254891796
B23R075,RD,query_only,0.0,0.18323857615806963,6.667852905442697e-16,0.1834226366244518,0.5920822619125361,1.9613591254891796,1.9613591254891796,1.9613591254891796
B23R075,RD,training_only,0.0,0.0816076814532547,6.667852905442697e-16,0.08243590221231223,0.533255880210922,1.9613591254891796,1.9613591254891796,1.9613591254891796
B23R075,TD,all_materials,0.23599994520240242,0.23629834643454428,0.06227063160446959,0.23599994520240242,0.5667645463534539,1.5216462755197582,1.6701932692861328,1.7576462207221606
B23R075,TD,query_only,0.0009352160552771327,0.007867398734406228,0.0002537982811912196,0.0009352160552771327,0.5451892171820265,1.6691630081683262,1.669512087929172,1.6700982242236033
B23R075,TD,training_only,0.23610659405681234,0.23690383581409935,0.06228610542786471,0.23610659405681234,0.5290073333202296,1.521664084689924,1.6700150580566704,1.7577706787467364
B27R090,RD,all_materials,0.11521505526995957,0.11532531873203022,0.03196434434757976,0.11521505526995957,0.4906438805022004,1.8263301767936146,1.8997140813158024,1.9415452320635742
B27R090,RD,query_only,0.0007139232922348526,0.016748642404469827,0.0001984959088026612,0.0007139232922348526,0.41674378982845095,1.899227538905718,1.8994817711121845,1.899941462197953
B27R090,RD,training_only,0.11500529947516847,0.1150355727193908,0.031944859507806136,0.11500529947516847,0.26656090407853106,1.8264332659605438,1.8996979703197565,1.9414385654357122
B27R090,TD,all_materials,0.2042127805568148,0.20422855367935022,0.05868878841033195,0.2042127805568148,0.5642669875173085,1.6450426966928975,1.7166626030598344,1.8492554772497123
B27R090,TD,query_only,0.18313426276538136,0.18322068617886123,0.05823913042597112,0.18313426276538136,0.5077848150765463,1.655797569059288,1.7169004334762037,1.8389318318246695
B27R090,TD,training_only,0.032190015893101664,0.04336756214085291,0.010002326171067593,0.032190015893101664,0.5019714472608097,1.6956732586821064,1.7169635937314123,1.727863274575208
B27R095,RD,all_materials,0.11226611836533729,0.11252968549733411,0.030446824391130577,0.11226611836533729,0.5856363491502585,1.817280017313521,1.8871071116624432,1.9295461356788584
B27R095,RD,query_only,0.0006271143822720315,0.027205619786672353,0.00017972175227519256,0.0006271143822720315,0.49080975316881403,1.8864315935542404,1.8866581239756854,1.8870587079365124
B27R095,RD,training_only,0.11215164343148554,0.11236434299657772,0.030432366006863287,0.11215164343148554,0.2766148642146493,1.817396192584704,1.8871341005133435,1.9295478360161895
B27R095,TD,all_materials,0.12498892217635849,0.20878773635809456,0.03355381627134303,0.12498892217635849,0.34465505325595536,1.5206718657784541,1.5970204993950565,1.6456607879548126
B27R095,TD,query_only,0.0013032397353862635,0.14894210985416523,0.0003650279787787699,0.0013032397353862635,0.28492032617393614,1.5968357746447899,1.5973179248179394,1.5981390143801761
B27R095,TD,training_only,0.12529218015901367,0.15116046530307337,0.033557655505039426,0.12529218015901367,0.2603568990631593,1.520544954372667,1.5972068801793524,1.6458371345316807
B30P105,RD,all_materials,0.03469688960588613,0.18985491349677308,0.013567572957208193,0.19157585538789568,0.7256356212772572,1.9266622358832934,1.9613591254891796,1.9613591254891796
B30P105,RD,query_only,0.029204918638883637,0.18324705261967256,0.01328398088940114,0.18505925992164118,0.614993231388278,1.932154206850296,1.9613591254891796,1.9613591254891796
B30P105,RD,training_only,0.0,0.016207943021310678,6.667852905442697e-16,0.01646264954754395,0.3233541285852133,1.9613591254891796,1.9613591254891796,1.9613591254891796
B30P105,TD,all_materials,0.22540869186004842,0.22667017764717,0.060515881859548204,0.22540869186004842,0.6512094904343044,1.6040881522692507,1.7059147778442376,1.8294968441292991
B30P105,TD,query_only,0.18487783595618512,0.1875917878521116,0.0577040901944026,0.18487783595618512,0.6288244652309793,1.643646193757525,1.7059953943840986,1.8285240297137102
B30P105,TD,training_only,0.06552999819459737,0.0691585052649899,0.020711488412764163,0.06552999819459737,0.3575712089074654,1.6625512309867145,1.706190935078446,1.728081229181312
