grain_id,component,phi1_deg,Phi_deg,phi2_deg,qx,qy,qz,qw,goss_scatter_angle_deg
1,goss,10.999931337157317,46.21689999811257,353.25889594470004,0.3877785358329681,0.06052008496128306,0.03417540313042897,0.9191284830122451,5.465187143782532
2,goss,10.586729205301276,49.231862494792516,350.60159014507263,0.4102148873243933,0.07227710055518545,0.009427447551385562,0.9090714439390541,8.077008177355616
3,haar_background,197.57666499568916,79.98937817239975,92.13837527690737,-0.38930794834904214,-0.5113941232485132,-0.44097842389074726,0.6264610137286889,
4,goss,9.860087371799723,44.08205149085912,355.31610296126706,0.3722518816996238,0.047501624033748316,0.041855255867809256,0.9259699076327945,4.240756324288432
5,goss,3.238038007273104,42.52886563980815,1.251949383090432,0.3626183286812155,0.006285491411605818,0.036505506751930775,0.9312012608877532,2.622245084739002
6,goss,4.936931586781106,44.04527972080713,1.6895257222006388,0.37482237198781104,0.010624921479874398,0.05357759248120389,0.925486219284164,2.6269694319538033
7,goss,4.814857057498491,47.61902540973766,357.0890445663698,0.4027800414379658,0.027196825018161626,0.015199945690747722,0.9147663814215958,3.5662308546062915
8,goss,8.071584519727844,46.60871644531591,354.591025621697,0.39288102169425737,0.04643294639784029,0.021338085598035607,0.9181683780136968,4.2080113942496835
9,haar_background,171.12477495163066,54.154456942293365,280.2175222553467,-0.26403077543226244,0.370791932026602,0.6369351403497394,0.622185438399418,
10,haar_background,312.87662012762377,35.26888201471057,89.4735727058198,-0.11201960614921314,0.2814710508863143,-0.3442451511099529,-0.8886624394495443,
11,goss,358.2539834421821,46.14222337662759,8.486929648358961,0.3903118639198803,-0.03494752109741766,0.05408943985638523,0.918427815426208,6.167594702141961
12,goss,6.3691291115463855,45.00519360692803,357.91586996275845,0.38168441834369427,0.028207511254425888,0.03453854837041424,0.9232163504720505,1.7244192783700032
13,haar_background,29.55442036748002,124.05243957360759,255.956982393239,0.3479328078229125,0.811737938823773,-0.283886556644802,0.3734068864803573,
14,goss,0.3166033779275181,44.365990586933584,2.4576851287203914,0.3775000788398962,-0.0070542071907528005,0.02241606785886882,0.9257113203037591,2.6712007438867174
15,goss,12.168789042724567,50.37307815021941,352.9005062033422,0.4195647168876735,0.07122124847519566,0.04001905889520854,0.9040417341216848,8.231583805982416
16,haar_background,144.1084395032496,53.79812105196233,131.28595095567582,-0.449590662291182,-0.05051901691311329,-0.6002281782901471,0.659577288342466,
17,goss,4.031007631365021,44.432019150157814,359.70977696051915,0.37783067554338057,0.014254696179346592,0.030215770916160463,0.9252717392437799,0.6284924551466868
18,haar_background,78.0803297742204,125.08536516434732,146.17505778798085,-0.7352398356317088,0.49681033842082595,-0.4271270626912396,0.17367885321822057,
19,goss,4.685043129887835,44.43957359569846,0.6726613602782384,0.37792871545589024,0.013238447206560497,0.04326701536441417,0.9247283898155585,1.3750198303295653
20,goss,5.776466514269478,45.199980905817554,358.85583708275914,0.3835945386240209,0.02319497190275022,0.037310127212660756,0.9224560572859991,1.2788325364023276
21,goss,12.625597942916938,41.47644963801674,353.7937658190758,0.34932798457439374,0.057930575927222935,0.052362503118599815,0.9337409575642952,6.874128171819317
22,goss,3.797774949735009,43.406389735633184,358.01778697995695,0.3693282478516958,0.01864469826320285,0.014720017171250058,0.9289953399559917,2.661604450195938
23,goss,359.05035846506973,41.74992192917079,5.161277601973953,0.35582314982605545,-0.01899328445809516,0.03433324072548385,0.9337292807739535,4.9533896621203946
24,goss,7.058797140974746,46.16127059456832,358.4275755181285,0.39091469038715565,0.029500136211395203,0.04402839729094678,0.9188998569131535,2.538461320337484
25,goss,3.9219420587684897,42.596432700985574,0.9017121386041993,0.36309607484211376,0.009572150336769331,0.03920780694219081,0.9308772004120437,2.548446501356644
26,goss,12.700723938077054,52.30930895107543,359.23173657862526,0.4377542105310385,0.05169149716203374,0.09329937168452115,0.8927454662594306,10.989869296210992
27,goss,5.057970290701676,45.723249994182154,358.54647460412656,0.38787982183741915,0.022064449783957503,0.028979037061786995,0.9209900212695439,1.2625571830733304
28,goss,4.494740032416517,43.82205968351461,359.7259995870344,0.3728433092827269,0.015524878811430286,0.034164529936426324,0.9271351733998761,1.2303262026920896
29,goss,0.518886675009226,41.53685520921311,359.78569988178884,0.3545845220034915,0.002268755556704017,0.0024853013519777686,0.9350179104065169,5.0239731582328675
30,goss,358.8528174604226,44.09506094329305,8.042176127784732,0.37416928556158735,-0.03006997470124673,0.05573644645027537,0.9251954338953977,5.741418637641619
31,goss,2.318778272260588,44.97630268733606,358.7179509715656,0.3823035440415915,0.012017135674432454,0.008359096378754583,0.9239208376106428,2.7421701760926473
32,goss,3.928919240835671,44.967828494723754,0.4129742425425503,0.3822440438925705,0.011731849538600878,0.03500164414715898,0.9233237457804571,0.36757308339263034
33,goss,9.89700144919265,39.3502177750282,351.8532574288878,0.3325209255849562,0.052796268910102244,0.014381593853610944,0.941507067310451,7.856233471264404
34,goss,4.31327165720408,42.27832292353072,354.098490291616,0.3592025281800121,0.032104675345970196,-0.012926900955923096,0.9326176755786336,6.296880280964466
35,goss,0.5281211403539976,44.59439855211549,6.4599847784113615,0.378902703543891,-0.019631541198852326,0.0563879787085791,0.9235083863693112,4.702422224143967
36,goss,3.710461761678156,36.3969149779104,355.93812172949515,0.3115912402382834,0.021166599877218743,-0.0029132886943449496,0.9499759927521272,9.609866196564191
37,goss,357.6392015911306,49.70186220343979,8.276583177895166,0.41844943475295987,-0.03895606414786462,0.04682390453755694,0.9061953528819786,7.721036019069291
38,goss,3.0521262337704975,47.39889964941637,358.1758723692946,0.4015751260808959,0.01709868583790003,0.009812377222029389,0.9156138762103718,3.517621066345588
39,goss,12.261467489280566,41.63993436351731,354.70266695369827,0.35126823002240704,0.054249883015605696,0.05677017814655549,0.9329762738906745,6.623053677226766
40,goss,2.865147300129506,46.80309449556464,4.512705918843149,0.3971316235641798,-0.005710217430511754,0.0590471311642279,0.9158424008984567,4.215855003422295
41,goss,3.0866815319699317,44.76578367986574,0.42093786233632174,0.38069126366830425,0.008857619513034995,0.028299188349931538,0.9242266282043204,0.7220719777489049
42,goss,358.98269066436785,42.423487002281675,3.920984464289033,0.36147973192163296,-0.015587526879354715,0.02362006860602043,0.9319503875071338,4.328050572812015
43,haar_background,252.86070508270512,65.15100183300753,131.47692753466515,-0.26355512409632015,-0.4694939571531262,0.17763144321503765,0.8237482571396524,
44,goss,6.642727510594931,40.78435207078621,355.3118896882366,0.3467420215338956,0.034398105087490846,0.015987492374316487,0.9371932249843459,5.344275069812119
45,goss,1.7574602948676408,43.3517496203074,1.132290918225642,0.36935000351513064,0.002015057691353994,0.023432153641421222,0.9289927064415514,2.320537925429276
46,goss,3.756155258576382,45.83575343171372,0.9038106856243194,0.3892907181151183,0.009691993542222797,0.037445548238824525,0.9203024681960204,1.1249011273004021
47,goss,354.56984943467154,43.36725906205235,6.778739364207378,0.3673862010723361,-0.03929108588950752,0.010935633310421997,0.929173827523871,6.767605500049419
48,haar_background,273.62835157865027,113.1483412616493,85.18621157117265,-0.06143065939023535,0.8323357470043682,0.005698452771964423,-0.5508275646530112,
49,haar_background,89.15291206094311,133.9014774519428,358.659999678509,-0.6478526428188197,-0.6534501950609867,-0.27151413891148635,-0.28208131476328524,
50,goss,4.566989392258442,45.071674719806914,359.69560731133737,0.38291496852776,0.01628784526914257,0.03434979777331099,0.9230010424516354,0.41874327575967435
51,goss,12.296850014139087,46.97602615712252,353.9990832767871,0.39348695977954473,0.06337077313634254,0.05036469995930915,0.9157595506428323,6.2864760509765105
52,goss,6.298700861925174,41.94321380210088,352.22886671965506,0.35521084797940444,0.04383415984110441,-0.011997895691437563,0.9336808182712947,7.004880036327605
53,goss,9.006680522069889,42.31048829658241,355.55700086388396,0.35841321250039165,0.042261413466561676,0.03713180669252522,0.9318664984689097,4.453656810936414
54,haar_background,313.9360128227261,66.95093497757227,201.17096394689725,-0.3053797608353216,-0.45932948272206187,0.8145182317795745,0.17977674508434055,
55,goss,2.9899586261724025,43.20440451527239,359.70000334577156,0.3680085667536495,0.010568531470047528,0.02182355888520217,0.9295061770725763,2.1839074681146697
56,goss,3.505105387566069,42.30017788200947,9.720918193921111,0.3602815909412131,-0.01956201594086182,0.10740520184295563,0.9264332816659125,9.749349551321268
57,goss,3.6075242343476956,44.38867550577137,1.169681094186443,0.37766380613936334,0.008035705684637105,0.03858897768982549,0.9251034362531216,1.1149929086569281
58,goss,338.89106250807504,39.46579777629377,22.237123556180073,0.31376713740327455,-0.12469205999851447,0.009266984912406701,0.941231213172255,18.0
59,goss,15.346950955138547,36.96083738399088,352.9881669655553,0.31096581995145145,0.06145666617028437,0.06892587881397987,0.9459241831324942,11.04348796125413
60,goss,3.7639524834309523,46.30010981260833,0.7522730230561101,0.39300477353233804,0.010331275786252677,0.036228644372877726,0.9187643865803287,1.4365328150474608
61,goss,359.75006973615115,44.393977834370574,6.595525470310477,0.3771182321882493,-0.022555076685649347,0.05124569115775532,0.9244711929555611,4.697793750317562
62,goss,9.940837097972883,37.48393863301451,353.7806095261535,0.3181169666678535,0.045162106019419654,0.030748321779526022,0.9464758424839365,8.645186671743634
63,goss,2.5776052350856804,43.564388535228716,0.5592634725990852,0.37102171480798113,0.00653561288687009,0.02541667343378722,0.9282532874257426,1.8049376535031874
64,goss,4.4109905317343125,45.044098255515394,359.4166791360087,0.3826752012198991,0.016688927011124417,0.030849429740587377,0.9232169207565509,0.4149797535351023
