manifest_seed,direction,H_A_per_m,goss_mean,background_mean,realized_mean,fixed_prior_diagnostic,count_term,within_goss_population_variance,within_background_population_variance,between_component_population_variance,total_population_variance,iid_mean_plugin_SE,fixed_prior_plugin_SE
20261004,TD,0.0,0.0,0.0,0.0,0.0,-0.0,0.0,0.0,0.0,0.0,0.0,0.0
20261004,TD,0.1,0.05598222175779506,1.2103928176528625e-06,0.04023756231139516,0.04422620937114981,-0.003988647059754642,0.03944532876394116,2.409914682502317e-12,0.000633507658323502,0.04007883642467448,0.017764610583141563,0.01940060423637039
20261004,TD,0.2,0.055982347421501204,1.3360565237964547e-06,0.0402376879751013,0.04422633503485595,-0.003988647059754642,0.039445328763941176,2.409914682502317e-12,0.000633507658323502,0.04007883642467448,0.017764610583141563,0.019400604236370394
20261004,TD,0.5,0.05598272441261962,1.7130476422272301e-06,0.040238064966219705,0.04422671202597437,-0.003988647059754641,0.03944532876394117,2.409914682502317e-12,0.0006335076583235017,0.04007883642467448,0.017764610583141563,0.01940060423637039
20261004,TD,1.0,0.05598335273115028,2.3413661729451874e-06,0.040238693284750375,0.04422734034450504,-0.0039886470597546375,0.03944532876394117,2.4099146825023178e-12,0.0006335076583235004,0.04007883642467448,0.017764610583141563,0.01940060423637039
20261004,TD,2.0,0.055984609368211834,3.5980032343811057e-06,0.040239949921811964,0.044228596981566566,-0.003988647059754645,0.03944532876394117,2.409914682502317e-12,0.0006335076583235031,0.040078836424674524,0.01776461058314157,0.01940060423637039
20261004,TD,5.0,0.05598837927939609,7.367914418689757e-06,0.04024371983299618,0.044232366892750834,-0.003988647059754642,0.03944532876394117,2.4099146825023727e-12,0.0006335076583235018,0.04007883642467448,0.017764610583141563,0.01940060423637039
20261004,TD,10.0,0.05601891917805749,1.365109972586934e-05,0.04026743753102671,0.04425781288160786,-0.00399037535058113,0.03947354055732248,2.4099146825023735e-12,0.0006340567781961316,0.04010759733792864,0.017770983457719953,0.01940754077393679
20261004,TD,20.0,0.056036545180536176,3.859764712837195e-05,0.0402871224367652,0.044276976198520536,-0.003989853761755308,0.039473134900540816,1.4812342063136698e-09,0.0006338910317251354,0.0401070274135002,0.017770857195437462,0.019407441221863
20261004,TD,50.0,0.056202004711749076,0.00025166896822883893,0.040465972783884,0.044452434205609834,-0.0039864614217258185,0.039505908778904905,2.1952053953530123e-07,0.0006328135688000156,0.04013894186824443,0.017777926211453274,0.019415521541225503
20261004,TD,100.0,0.05640241761062738,0.0017079698270743996,0.041019604171503125,0.044916583576081255,-0.003896979404578152,0.039540060304041474,1.0972304385001536e-06,0.0006047235371074173,0.04014588107158737,0.017779462865235227,0.019424012956896566
20261004,TD,200.0,0.05683584900448934,0.0028877230098861943,0.041662938568507175,0.04550674254562268,-0.0038438039771154764,0.03971785427416904,2.4473287458952404e-06,0.0005883328728068576,0.0403086344757218,0.017815465827293958,0.019467789303205127
20261004,TD,500.0,0.05827899384090531,0.008014180360574769,0.04414201504956236,0.0477233830100359,-0.003581367960473553,0.03999267743660095,1.79087456963007e-05,0.000510738432775362,0.04052132461507263,0.01786240600115724,0.019536796642972056
20261004,TD,800.0,0.05983879061370481,0.013214398464737827,0.046725680321807864,0.05004766826242174,-0.0033219879406138995,0.040348111371847135,4.262206622853144e-05,0.0004394371350146049,0.04083017057309023,0.017930348744163473,0.01962622364011888
20261004,TD,1000.0,0.060442068775969957,0.01525371475561307,0.047732844207744596,0.05095251443169501,-0.0032196702239504294,0.040544143528494295,6.860964067546166e-05,0.00041278454998760214,0.04102553771915728,0.017973194765319396,0.019676778147097042
20261004,TD,1500.0,0.06301990007892773,0.025128898439751718,0.05236305586790947,0.055062789734700766,-0.002699733866791292,0.0410588441208936,0.00018072788569836742,0.00029023017293022276,0.04152980217952221,0.018083315967327193,0.019813861571685455
20261004,TD,2000.0,0.06543059526273687,0.03580820024245156,0.057099296663281625,0.05920989230847695,-0.0021105956451953293,0.041587683828897166,0.00043346527442598585,0.00017738248179172809,0.04219853158511485,0.01822832691842558,0.01996916398668271
20261004,TD,3000.0,0.08085811295456206,0.13464143282887972,0.09598467166921389,0.09215261012816878,0.003832061541045135,0.048775286908618876,0.0413146139238171,0.0005847437673999578,0.09067464459983582,0.026720284046511673,0.0255048712491413
20261004,TD,5000.0,0.0936676206190314,0.21973970272974544,0.12912539371266976,0.12014275786228135,0.008982635850388379,0.05165176980020656,0.05753840786732489,0.0032129816081642947,0.11240315927569575,0.029750029348982507,0.027397594254619056
20261004,TD,7500.0,0.3259092717397554,0.3936772727987059,0.34496902203758517,0.340140551962135,0.004828470075450224,0.20892898312117536,0.10128699014835969,0.0009283670969510391,0.311144340366486,0.04949702451619272,0.04947065301088736
20261004,TD,10000.0,1.1614925451152072,0.9375301186639763,1.0985031126757985,1.1144604355604488,-0.015957322884650207,0.29334538894207246,0.19128437645348517,0.010139597530877013,0.49476936292643436,0.06241651828904152,0.060465087743019195
20261004,TD,15000.0,1.9058310838116161,1.6595794138120554,1.8365728016242397,1.8541182331117085,-0.01754543148746871,0.057218383133694435,0.09100381730246551,0.012258257998396015,0.16048045843455594,0.035547512669172894,0.030881536259612544
20261004,TD,20000.0,1.9377989716005946,1.8075935933592393,1.901178708970213,1.91045584216991,-0.009277133199696566,0.028752083617500306,0.05364417952044205,0.003427111511968455,0.08582337464991086,0.0259956650913687,0.02268646019665391
20261004,TD,30000.0,1.9523154514181713,1.9056134641065552,1.9391805174867789,1.9425080340827319,-0.0033275165959526505,0.02882490033325137,0.028167054173751024,0.00044090102842075305,0.057432855535423114,0.02126563445891844,0.020030795406973244
20261004,TD,40000.0,1.9658529943965648,1.9896519027215633,1.9725464373629706,1.9708507651448144,0.0016956722181561464,0.028877884441140433,8.303345982627394e-05,0.000114494456791571,0.029075412357758283,0.015130771784198527,0.016610897657268354
20261004,TD,50000.0,1.978966862776425,2.0101867339807824,1.9877474515526505,1.98552303572934,0.002224415823310468,0.028909260378367045,3.170417489259691e-05,0.0001970301114350097,0.029137994664694623,0.015147046869137995,0.016612987446231128
20261005,TD,0.0,0.0,0.0,0.0,0.0,0.0,0.0,0.0,0.0,0.0,0.0,0.0
20261005,TD,0.1,2.90615852918404e-05,0.01125457246380204,0.0018707469637974181,0.002386418869778982,-0.0005156719059815619,6.037923542070311e-09,0.00039863834819756696,1.728205421780632e-05,0.00041592644033891486,0.001809699240551119,0.0023146796595896156
20261005,TD,0.2,2.9187248997983965e-05,0.011254698127508185,0.0018708726275035647,0.002386544533485126,-0.000515671905981562,6.037923542070314e-09,0.00039863834819756707,1.7282054217806322e-05,0.00041592644033891486,0.001809699240551119,0.0023146796595896156
20261005,TD,0.5,2.9564240116414755e-05,0.011255075118626612,0.0018712496186219897,0.002386921524603556,-0.0005156719059815618,6.037923542070313e-09,0.00039863834819756696,1.728205421780631e-05,0.00041592644033891486,0.001809699240551119,0.0023146796595896156
20261005,TD,1.0,3.2064513330624315e-05,0.011255703437157337,0.001873442774270946,0.0023890286873342334,-0.0005155859130632892,6.257869776046937e-09,0.00039863834819756696,1.7276290823114518e-05,0.0004159208968904573,0.0018096871807168344,0.0023146799942236557
20261005,TD,2.0,3.884449307709984e-05,0.011256960074218773,0.0018793165806081575,0.002394648765116851,-0.0005153321845086953,7.92878425897984e-09,0.00039863834819756696,1.7259291096807556e-05,0.000415905568078633,0.001809653832296426,0.0023146825364109306
20261005,TD,5.0,4.2806408992910546e-05,0.011260729985403081,0.0018832469957477064,0.002398570360039046,-0.0005153233642913418,7.926051909250924e-09,0.00039863834819756696,1.7258700295764438e-05,0.00041590497454524055,0.0018096525410293165,0.002314682532253841
20261005,TD,10.0,4.9289385377459045e-05,0.011267013170710263,0.0018896971939086253,0.0024050113802973473,-0.0005153141863887253,7.915300054517353e-09,0.00039863834819756696,1.725808554676977e-05,0.00041590434904439086,0.00180965118021411,0.002314682515895605
20261005,TD,20.0,6.73086539720101e-05,0.011279579541324615,0.0019068218464282976,0.0024218855403160566,-0.0005150636938877598,8.427312417453606e-09,0.00039863834819756707,1.7241311429457953e-05,0.0004158880869394426,0.0018096158006548966,0.002314683294888429
20261005,TD,50.0,0.0002171856260238993,0.011333064212738352,0.0020408844566567404,0.0025515201292339337,-0.0005106356725771947,4.4542369938905176e-08,0.0003985804744195037,1.6946137355196183e-05,0.000415571154144639,0.0018089261488967734,0.00231457021934103
20261005,TD,100.0,0.00038487607572919666,0.012292702484461787,0.0023385038459118905,0.00288551962156304,-0.000547015775651153,1.0148847638729481e-07,0.0004394893214235633,1.944679889018582e-05,0.0004590376087901368,0.0019011757837065612,0.002430524900295627
20261005,TD,200.0,0.0007068644773243335,0.016610124605067028,0.0033159930920321195,0.004046549104150299,-0.0007305560121181794,2.564170915675834e-07,0.00048144411363128465,3.4686098938347884e-05,0.0005163866296611997,0.0020164415325084916,0.0025440941222228297
20261005,TD,500.0,0.002013258933063304,0.02508053529388086,0.005797733961009936,0.006857386968834991,-0.0010596530078250557,1.7290575097747931e-06,0.0005596502302141202,7.297528011310604e-05,0.000634354567837001,0.0022349312868596787,0.002744790942456479
20261005,TD,800.0,0.003390927092335588,0.03307925416823292,0.008261668253224996,0.009625475778274026,-0.0013638075250490328,5.128532327434466e-06,0.0007043017168173289,0.0001208800372301383,0.0008303102863749018,0.002556927114852615,0.003082521163954354
20261005,TD,1000.0,0.0038644036609933137,0.03894260447067445,0.009619420981331624,0.011230825831026352,-0.0016114048496947261,6.087528480235513e-06,0.0007611042134030846,0.00016875542886862638,0.0009359471707519467,0.0027147122797501672,0.003205014313829057
20261005,TD,1500.0,0.006179201019141017,0.05488912836304692,0.014170673474000582,0.016408285761361257,-0.0022376122873606756,1.6612927467993854e-05,0.0010363600422618902,0.00032540041065025555,0.0013783733803801395,0.003294439816384665,0.0037477577760603124
20261005,TD,2000.0,0.008322375792580097,0.0721088929127866,0.018787351257613966,0.021717544387823463,-0.0029301931302094845,3.0436429228328934e-05,0.0014521855956480118,0.0005580086251791637,0.0020406306500555045,0.004008485733347792,0.004442043052398341
20261005,TD,3000.0,0.012873273575246664,0.31861357332930107,0.06303379150364621,0.07707873652359808,-0.014044945019951864,7.528312951961997e-05,0.062087240124715094,0.012820014228402208,0.07498253748263689,0.024298429598754827,0.028896068017880343
20261005,TD,5000.0,0.03588590225671641,0.5566165939247328,0.12131828135850035,0.14523934750699985,-0.023921066148499488,0.014462164827291738,0.08947892481198451,0.037188570461525225,0.14112966010080152,0.0333355240868963,0.036117277326866745
20261005,TD,7500.0,0.4247118748928772,0.7429806579231685,0.47692784710878444,0.49154831932923837,-0.014620472220453994,0.34490740873337766,0.09667477664104544,0.013892206177447885,0.4554743915518711,0.05988666405723812,0.061062148386196995
20261005,TD,10000.0,1.2908847721715357,1.0601491620585555,1.2530297111373752,1.2424302940478098,0.010599417089565024,0.3371619756447336,0.10804491622168022,0.007301504957681163,0.452508396824095,0.05969135819119388,0.0618615182756684
20261005,TD,15000.0,1.9675919977104936,1.7776822723501688,1.9364349333935653,1.9277109553848255,0.008723978008739914,0.0023120166227132955,0.02584602610783905,0.004946266870612621,0.033104309601164984,0.016145087646937173,0.019069733995558665
20261005,TD,20000.0,1.9755815823387008,1.9024194442670697,1.9635784190613237,1.9602175333436582,0.003360885717665555,0.0023051032832204278,0.0009880940776436544,0.000734101160332417,0.004027298521196512,0.005631253144542987,0.00543281286624084
20261005,TD,30000.0,1.990036234618243,1.9555523022239847,1.9843787144598104,1.9827946088154487,0.0015841056443612388,0.002305306420568056,0.0002605867526901017,0.00016308600831948126,0.0027289791815776443,0.004635517776019468,0.004442880590784511
20261005,TD,40000.0,2.0035538792153735,1.9887782989070542,2.001129760571039,2.0004510073506263,0.0006787532204134211,0.0023086274273112378,7.175753361856586e-05,2.994140850444012e-05,0.0024103263694342457,0.004356483420239405,0.004150266737943789
20261005,TD,50000.0,2.016659761004454,2.0105737896272107,2.0156612813253747,2.0153817070152327,0.00027957431014210947,0.002311465138655108,2.5223451994289797e-05,5.0797570780999215e-06,0.002341768347727496,0.0042940797440485425,0.00407667544871436
20261006,TD,0.0,0.0,0.0,0.0,0.0,-0.0,0.0,0.0,0.0,0.0,0.0,0.0
20261006,TD,0.1,0.04967611039788914,0.10052740390703423,0.06159438231409501,0.06035488203480961,0.0012395002792854133,0.035132053381037115,0.03180739208173907,0.00046401433786416444,0.06740345980064041,0.02303770613455364,0.022396685410987924
20261006,TD,0.2,0.04967623896211878,0.10052752957074036,0.061594510198514446,0.060355009989929306,0.001239500208585153,0.03513205316046883,0.03180739208173907,0.0004640142849300359,0.06740345952713782,0.02303770608781366,0.02239668536960743
20261006,TD,0.5,0.04967661995396019,0.10052790656185878,0.06159489025268638,0.06035539014161889,0.00123950011106753,0.03513205285623934,0.031807392081739085,0.000464014211917433,0.06740345914989604,0.02303770602334527,0.022396685312531382
20261006,TD,1.0,0.04967728017825044,0.10052853488038957,0.0615955429990642,0.06035604366569966,0.0012394993333646432,0.035132050429585344,0.031807392081739085,0.0004640136296422468,0.06740345614096653,0.023037705509136988,0.02239668485727037
20261006,TD,2.0,0.0496785891335389,0.10052979151745106,0.061596839692268354,0.06035734163416045,0.0012394980581078609,0.03513206224369442,0.03180739208173907,0.00046401267484346965,0.06740346700027691,0.023037707364928953,0.02239668707369803
20261006,TD,5.0,0.049685441463395756,0.10053356142863526,0.06160296958024875,0.060363546656096057,0.0012394229241527146,0.035134858606577016,0.03180739208173907,0.00046395642295887454,0.06740620711127515,0.023038175628926287,0.02239721168906416
20261006,TD,10.0,0.04969224834330465,0.10053984461394246,0.06160965371923539,0.06037024356013859,0.0012394101590967983,0.03513481879858758,0.03180739208173907,0.00046394686625459184,0.0674061577465813,0.023038167192962124,0.022397204220919745
20261006,TD,20.0,0.049708522682681035,0.10084919415813139,0.06169461755973969,0.0604480636925256,0.0012465538672141042,0.035134536984502876,0.031794005687514636,0.000469310469979384,0.06739785314199684,0.023036747969789422,0.022395212301671255
20261006,TD,50.0,0.04983686955910942,0.1011902963216825,0.06187282895658746,0.060621089179249764,0.0012517397773377206,0.03512766149818147,0.03177985202109763,0.00047322344081795255,0.06738073696009707,0.02303382260802084,0.02239187178819294
20261006,TD,100.0,0.050044183164009555,0.10242210247741597,0.062320258003089164,0.0610435462198249,0.0012767117832642831,0.035120765583771085,0.031905283112014085,0.0004922932439519676,0.06751834193973713,0.023057330455073622,0.022408743897475863
20261006,TD,200.0,0.050354665115715555,0.10401563781523078,0.06293145559216445,0.061623469382613746,0.0013079862095506855,0.03510791900774648,0.031933722791188536,0.0005167071517157512,0.06755834895065076,0.023064160586252234,0.022410452244861125
20261006,TD,500.0,0.05159129759822285,0.11078328168782982,0.06546441886922452,0.06402161425704031,0.001442804612184172,0.03505883269987725,0.03220759448905252,0.0006287140797463988,0.06789514126867617,0.02312157891590406,0.02244087392076651
20261006,TD,800.0,0.05283771039567035,0.11706392125784729,0.06789072856649303,0.0663252146767275,0.0015655138897655654,0.035015738306388475,0.03256691493522993,0.0007402049631003223,0.06832285820471874,0.02319429372614045,0.02248470688382529
20261006,TD,1000.0,0.053407463505398114,0.12046097106915182,0.06912312934065291,0.0674887000937864,0.001634429246866499,0.03499914932274818,0.03256426721731552,0.0008068083653082875,0.06837022490537192,0.023202332374167765,0.02248122454478537
20261006,TD,1500.0,0.05549943966689917,0.13209728375186622,0.07345205937431334,0.07158498692474224,0.0018670724495710744,0.03491953232773503,0.033017494046500125,0.0010528354109061808,0.0689898617851413,0.02330723617571845,0.022531689835771942
20261006,TD,2000.0,0.057519440492872324,0.1440086415913773,0.07779034700033438,0.07568217272355837,0.0021081742767760617,0.03484939357435565,0.03345614692939866,0.0013423048587386133,0.06964784536249292,0.023418117584484276,0.022581712256229965
20261006,TD,3000.0,0.061798920911823346,0.26512318630402665,0.10945304561312104,0.10449701664418604,0.004956028968934963,0.03470529643590296,0.07003885466622733,0.007418324296752966,0.11216247539888327,0.029718161074147945,0.027314492317891795
20261006,TD,5000.0,0.0726611887758082,0.3231838656987086,0.131377441179613,0.12527095092961726,0.0061064902499957064,0.034440499846873834,0.07255927632201967,0.01126215443473455,0.11826193060362801,0.030515509236543552,0.02757189569091424
20261006,TD,7500.0,0.42113695821988323,0.528080999605096,0.4462019679195425,0.4435952069107779,0.002606761008764566,0.3074747559581556,0.11001683020468112,0.0020522987233971067,0.4195438848862334,0.057476039847788006,0.057425779693584665
20261006,TD,10000.0,1.2938899398747736,0.7957228059227137,1.1771320178547593,1.189274841744841,-0.012142823890081478,0.28230857749706656,0.14715075769914235,0.04453254702447682,0.4739918822206858,0.06109189426629992,0.05768161205471459
20261006,TD,15000.0,1.9012623552682113,1.5324161913949665,1.8148140356104192,1.82380466085483,-0.008990625244410353,0.04892820893908487,0.10368291071888772,0.024412819107408758,0.17702393876538133,0.037334826658458935,0.03292259621912014
20261006,TD,20000.0,1.911200549439684,1.8430418349023037,1.895225850719985,1.896887219386834,-0.0016613686668486476,0.048761963612636135,0.027077868420346617,0.0008336239306714484,0.07667345596365419,0.02457087706439907,0.024196397099641526
20261006,TD,30000.0,1.9253976476247574,1.9546080061662578,1.932243825407922,1.9315318229184726,0.0007120024894490745,0.04891841256409866,0.00028077187721202185,0.0001531091574463894,0.04935229359875707,0.019712958605904066,0.020320271043315144
20261006,TD,40000.0,1.9387583680939346,1.9848394750798488,1.949558627543758,1.9484354005609767,0.0011232269827816594,0.04900021547477415,8.868245904931291e-05,0.0003810423069994486,0.04946994024082289,0.01973644062414539,0.020306514388587802
20261006,TD,50000.0,1.9517646618631268,2.006918825768677,1.9646914190284905,1.9633470362832925,0.0013443827451977927,0.049046424807212816,3.457853033273333e-05,0.0005458634326534262,0.04962686677019893,0.01976771940497961,0.02030743240817226
