"Time [ns]","InputCurrent(WG_Ph1_P1) [mA]","InputCurrent(WG_Ph2_P1) [mA]","InputCurrent(WG_Ph3_P1) [mA]"
0,3535.53390593273,-4829.62913144534,1294.09522551261
333333.333333333,4193.35283972712,-4455.03262094184,261.679781214724
666666.666666667,4667.90213248601,-3885.72980728486,-782.172325201147
1000000,4938.44170297569,-3146.60195524919,-1791.83974772649
1333333.33333333,4993.14767377287,-2269.95249869774,-2723.19517507513
1666666.66666667,4829.62913144535,-1294.09522551261,-3535.53390593273
2000000,4455.03262094184,-261.679781214731,-4193.35283972711
2333333.33333333,3885.72980728486,782.172325201144,-4667.90213248601
2666666.66666667,3146.6019552492,1791.83974772649,-4938.44170297569
3000000,2269.95249869775,2723.19517507512,-4993.14767377287
3333333.33333333,1294.09522551262,3535.53390593272,-4829.62913144535
3666666.66666667,261.67978121474,4193.35283972711,-4455.03262094185
4000000,-782.172325201131,4667.902132486,-3885.72980728487
4333333.33333333,-1791.83974772648,4938.44170297568,-3146.60195524921
4666666.66666666,-2723.19517507511,4993.14767377287,-2269.95249869776
5000000,-3535.53390593271,4829.62913144535,-1294.09522551263
5333333.33333333,-4193.3528397271,4455.03262094185,-261.679781214744
5666666.66666666,-4667.90213248599,3885.72980728488,782.172325201127
6000000,-4938.44170297568,3146.60195524922,1791.83974772647
6333333.33333333,-4993.14767377287,2269.95249869777,2723.19517507511
6666666.66666666,-4829.62913144535,1294.09522551264,3535.53390593271
7000000,-4455.03262094186,261.679781214767,4193.3528397271
7333333.33333333,-3885.72980728488,-782.172325201113,4667.90213248599
7666666.66666666,-3146.60195524923,-1791.83974772645,4938.44170297568
7999999.99999999,-2269.95249869777,-2723.19517507509,4993.14767377287
8333333.33333333,-1294.09522551266,-3535.5339059327,4829.62913144535
8666666.66666666,-261.679781214767,-4193.35283972709,4455.03262094186
8999999.99999999,782.172325201095,-4667.90213248599,3885.72980728489
9333333.33333333,1791.83974772645,-4938.44170297568,3146.60195524923
9666666.66666666,2723.19517507508,-4993.14767377287,2269.95249869779
9999999.99999999,3535.53390593269,-4829.62913144536,1294.09522551266
10333333.3333333,4193.35283972709,-4455.03262094187,261.679781214785
10666666.6666667,4667.90213248598,-3885.7298072849,-782.172325201087
11000000,4938.44170297568,-3146.60195524924,-1791.83974772644
11333333.3333333,4993.14767377288,-2269.9524986978,-2723.19517507508
11666666.6666667,4829.62913144536,-1294.09522551267,-3535.53390593269
12000000,4455.03262094187,-261.679781214794,-4193.35283972708
12333333.3333333,3885.7298072849,782.172325201077,-4667.90213248598
12666666.6666667,3146.60195524925,1791.83974772643,-4938.44170297568
13000000,2269.9524986978,2723.19517507506,-4993.14767377287
13333333.3333333,1294.09522551268,3535.53390593268,-4829.62913144537
13666666.6666667,261.679781214804,4193.35283972707,-4455.03262094188
14000000,-782.172325201067,4667.90213248598,-3885.72980728491
14333333.3333333,-1791.83974772643,4938.44170297568,-3146.60195524926
14666666.6666667,-2723.19517507505,4993.14767377287,-2269.95249869782
15000000,-3535.53390593268,4829.62913144536,-1294.09522551269
15333333.3333333,-4193.35283972708,4455.03262094188,-261.679781214812
15666666.6666667,-4667.90213248598,3885.72980728491,782.17232520106
16000000,-4938.44170297567,3146.60195524925,1791.83974772642
16333333.3333333,-4993.14767377288,2269.95249869782,2723.19517507506
16666666.6666667,-4829.62913144536,1294.09522551269,3535.53390593268
17000000,-4455.03262094187,261.679781214804,4193.35283972708
17333333.3333333,-3885.7298072849,-782.172325201077,4667.90213248598
17666666.6666667,-3146.60195524925,-1791.83974772644,4938.44170297568
18000000,-2269.9524986978,-2723.19517507509,4993.14767377287
18333333.3333333,-1294.09522551267,-3535.5339059327,4829.62913144536
18666666.6666667,-261.679781214778,-4193.35283972708,4455.03262094187
19000000,782.172325201103,-4667.90213248599,3885.72980728489
19333333.3333333,1791.83974772646,-4938.44170297568,3146.60195524923
19666666.6666667,2723.1951750751,-4993.14767377287,2269.95249869778
20000000,3535.53390593271,-4829.62913144535,1294.09522551266
20333333.3333333,4193.3528397271,-4455.03262094186,261.679781214768
20666666.6666667,4667.902132486,-3885.72980728487,-782.172325201112
21000000,4938.44170297568,-3146.60195524922,-1791.83974772646
21333333.3333333,4993.14767377287,-2269.95249869776,-2723.1951750751
21666666.6666667,4829.62913144535,-1294.09522551263,-3535.53390593271
22000000,4455.03262094184,-261.679781214742,-4193.3528397271
22333333.3333334,3885.72980728487,782.172325201137,-4667.902132486
22666666.6666667,3146.60195524921,1791.83974772649,-4938.44170297568
23000000,2269.95249869775,2723.19517507513,-4993.14767377287
23333333.3333334,1294.09522551262,3535.53390593273,-4829.62913144534
23666666.6666667,261.679781214725,4193.35283972711,-4455.03262094184
24000000,-782.172325201154,4667.90213248601,-3885.72980728485
24333333.3333334,-1791.83974772651,4938.44170297569,-3146.60195524918
24666666.6666667,-2723.19517507515,4993.14767377287,-2269.95249869773
25000000,-3535.53390593275,4829.62913144534,-1294.0952255126
25333333.3333334,-4193.35283972713,4455.03262094183,-261.679781214707
25666666.6666667,-4667.90213248601,3885.72980728485,782.172325201173
26000000,-4938.4417029757,3146.60195524918,1791.83974772652
26333333.3333334,-4993.14767377287,2269.95249869772,2723.19517507516
26666666.6666667,-4829.62913144534,1294.09522551258,3535.53390593276
27000000,-4455.03262094182,261.679781214689,4193.35283972714
27333333.3333334,-3885.72980728483,-782.17232520119,4667.90213248602
27666666.6666667,-3146.60195524917,-1791.83974772652,4938.4417029757
28000000,-2269.9524986977,-2723.19517507516,4993.14767377287
28333333.3333334,-1294.09522551256,-3535.53390593276,4829.62913144533
28666666.6666667,-261.679781214672,-4193.35283972714,4455.03262094182
29000000,782.172325201207,-4667.90213248602,3885.72980728482
29333333.3333334,1791.83974772656,-4938.4417029757,3146.60195524914
29666666.6666667,2723.19517507519,-4993.14767377286,2269.95249869767
30000000,3535.53390593266,-4829.62913144537,1294.0952255127
