grade,direction,method,selected_candidate,rmse_T,mae_T,low_field_rmse_T,high_field_rmse_T,B800_error_T,B1000_error_T
B23R075,RD,raw,,1.6556332092251336,1.5381799026802512,1.8295273915984693,1.4498217765125545,-1.8415026788184607,-1.843216903456697
B23R075,RD,legacy_material_holdout,,0.025788848813590462,0.02222546834679577,0.019495852864802748,0.03138388430287988,-0.0036523656101312696,-0.005392520844490711
B23R075,RD,nested_material_holdout,goss_ridge_0.1_beta_0.5,0.025788848813590462,0.02222546834679577,0.019495852864802748,0.03138388430287988,-0.0036523656101312696,-0.005392520844490711
B23R075,RD,reference_only_control,,0.027273911172299558,0.026046891890222537,0.024698529340928872,0.03138388430287988,-0.028785511828109955,-0.021509186550724202
B23R075,TD,raw,,1.3366109308724614,1.0942927297025806,1.4691022295056744,0.9943937905889073,-1.6982337796737952,-1.737469811705569
B23R075,TD,legacy_material_holdout,,0.10558634254566446,0.09403671802846972,0.1479729820117766,0.058109818885865167,-0.12626510997474294,-0.1263543274562533
B23R075,TD,nested_material_holdout,goss_ridge_0.1_beta_0.5,0.03783085873284165,0.03719993979023623,0.03853809742381021,0.037967930090335125,-0.030675550756739778,-0.030379889916672065
B23R075,TD,reference_only_control,,0.03905877757291872,0.030337526392963485,0.06350889035877816,0.013118971153662198,-0.039661018229987244,-0.03947036429824968
B27R090,RD,raw,,1.7133008794157119,1.5460214911355665,1.9398228648495346,1.4366122378133337,-1.9483128536921022,-1.9500582667614086
B27R090,RD,legacy_material_holdout,,0.05936115908342598,0.05334006674497127,0.07772045414802735,0.03530289356251575,-0.07727601826966146,-0.06859365595227329
B27R090,RD,nested_material_holdout,goss_ridge_0.1_beta_0.5,0.04102785806213548,0.03860302575238371,0.05118920479755324,0.029567681140622144,-0.05051108016211536,-0.04203407158034711
B27R090,RD,reference_only_control,,0.020867252428774578,0.018232501499896858,0.012157931631683952,0.026589825493114554,-0.010469993025837399,-0.0016898602138473162
B27R090,TD,raw,,1.255312039329886,1.0539346013896647,1.3232438638955841,1.001270448203169,-1.5563218967203378,-1.595701596731341
B27R090,TD,legacy_material_holdout,,0.07235432140102009,0.06799587785859738,0.087478264343543,0.047593126837195514,0.09241801918755077,0.09209315725996414
B27R090,TD,nested_material_holdout,goss_ridge_0.1_beta_0.5,0.028088982668694834,0.023172191581550136,0.033597956235498175,0.015189306522872826,0.03688353468347261,0.03666763232103065
B27R090,TD,reference_only_control,,0.013611657782463054,0.011795306066129899,0.020668691374415137,0.0083228289142061,-0.014318576122333004,-0.014391750909649836
B27R095,RD,raw,,1.723638683350745,1.5546465509405578,1.9163555240949557,1.4868386599355283,-1.923632412109436,-1.9378410012742062
B27R095,RD,legacy_material_holdout,,0.03623829702689746,0.03317190984754613,0.03432028326991979,0.03439214968805023,-0.03284635009181347,-0.041072796660717836
B27R095,RD,nested_material_holdout,goss_ridge_0_beta_0.5,0.03597721296815745,0.033292235403950335,0.03786394292877775,0.03272721237581548,-0.038711183767463186,-0.03848900797299004
B27R095,RD,reference_only_control,,0.01814722318916889,0.016302006519190032,0.020058708883733328,0.019723283006660826,0.020733058730073584,0.012596188251313034
B27R095,TD,raw,,1.2850598847698607,1.0532536508526862,1.3997763373279033,0.948428781534068,-1.647387709481512,-1.6864667355056715
B27R095,TD,legacy_material_holdout,,0.057384711532127874,0.056184917308685814,0.05309706853024622,0.05555200570837244,-0.06591377805357457,-0.0658295076460258
B27R095,TD,nested_material_holdout,goss_ridge_0_beta_0.5,0.05144096124733449,0.05071530945245333,0.047467990462961226,0.055416762808189586,-0.05272020033033664,-0.05281592193512674
B27R095,TD,reference_only_control,,0.026170015002731944,0.02211022856815595,0.040165012193674486,0.014474019277934869,0.022430877334354227,0.022434645439777023
B30P105,RD,raw,,1.5838896536853249,1.448098395614491,1.7729682049297057,1.3459617101667416,-1.775268780262552,-1.8030001499097896
B30P105,RD,legacy_material_holdout,,0.038646351757956054,0.027921490384268985,0.06647350187362724,0.012662016174162448,0.0603564043850644,0.031852168899820565
B30P105,RD,nested_material_holdout,goss_ridge_1_beta_0.5,0.03785196716335501,0.027579145081835635,0.06499434880001821,0.012662016174162448,0.0603564043850644,0.031852168899820565
B30P105,RD,reference_only_control,,0.024200695426440856,0.019880425846241695,0.038910931341822115,0.012662016174162448,0.04399176422863316,0.02197709133776593
B30P105,TD,raw,,1.13060016526202,0.9419635007064489,1.225809936083376,0.7989853515679515,-1.472340956793549,-1.510636902454867
B30P105,TD,legacy_material_holdout,,0.13114060165780322,0.12053043213523944,0.18483366916997243,0.07731327051197989,0.15906374508983578,0.15999267089731206
B30P105,TD,nested_material_holdout,goss_ridge_1_beta_0.5,0.09433448866545291,0.09010743476066478,0.127258508516193,0.07141179467270786,0.10615668757659735,0.10651934537458185
B30P105,TD,reference_only_control,,0.06465429500757808,0.054342732825403875,0.10327072821214263,0.02958205232740517,0.07450303818284576,0.0742940445664737
B23R075,RD,calibration_fit,goss_ridge_0_beta_0.5,0.02343489376162285,0.018860583529931155,0.003050041129013235,0.03138388430287988,-0.0036523656101312696,-0.005392520844490711
B23R075,TD,calibration_fit,goss_ridge_0_beta_0.5,0.006255861750316658,0.0022891410588222333,0.0,0.008847124531628907,0.0,0.0
B27R090,RD,calibration_fit,goss_ridge_0_beta_0.5,0.019714456697960358,0.014758037073751756,0.0,0.026589825493114554,0.0,0.0
B27R090,TD,calibration_fit,goss_ridge_0_beta_0.5,0.005366817206016768,0.0018788600976947234,0.0,0.007589825679526195,0.0,0.0
B27R095,RD,calibration_fit,goss_ridge_0_beta_0.5,0.01405697414765443,0.00943561858795755,0.0,0.019723283006660826,0.0,0.0
B27R095,TD,calibration_fit,goss_ridge_0_beta_0.5,0.004510027839071449,0.001468242640695755,0.0,0.006378142536695066,0.0,0.0
B30P105,RD,calibration_fit,goss_ridge_0_beta_0.5,0.008953397500244013,0.005872363380735546,0.0,0.012662016174162448,0.0,0.0
B30P105,TD,calibration_fit,goss_ridge_0_beta_0.5,0.003631585033673097,0.001122207857270685,0.0,0.005135836807531647,0.0,0.0
