"Time [ns]","StrandedLoss [mW]"
0,49175.064138512
333333.333333333,49175.0641393138
666666.666666667,49175.0641376173
1000000,49175.0641337157
1333333.33333333,49175.0641282838
1666666.66666667,49175.0641222607
2000000,49175.0641166877
2333333.33333333,49175.0641125288
2666666.66666667,49175.0641105028
3000000,49175.0641109602
3333333.33333333,49175.0641138218
3666666.66666667,49175.0641185928
4000000,49175.0641244483
4333333.33333333,49175.0641303758
4666666.66666666,49175.0641353504
5000000,49175.064138512
5333333.33333333,49175.0641393138
5666666.66666666,49175.0641376173
6000000,49175.0641337157
6333333.33333333,49175.0641282838
6666666.66666666,49175.0641222606
7000000,49175.0641166878
7333333.33333333,49175.0641125288
7666666.66666666,49175.0641105028
7999999.99999999,49175.0641109602
8333333.33333333,49175.0641138218
8666666.66666666,49175.0641185928
8999999.99999999,49175.0641244483
9333333.33333333,49175.0641303758
9666666.66666666,49175.0641353504
9999999.99999999,49175.064138512
10333333.3333333,49175.0641393139
10666666.6666667,49175.0641376173
11000000,49175.0641337157
11333333.3333333,49175.0641282838
11666666.6666667,49175.0641222607
12000000,49175.0641166878
12333333.3333333,49175.0641125288
12666666.6666667,49175.0641105029
13000000,49175.0641109602
13333333.3333333,49175.0641138218
13666666.6666667,49175.0641185928
14000000,49175.0641244484
14333333.3333333,49175.0641303759
14666666.6666667,49175.0641353504
15000000,49175.064138512
15333333.3333333,49175.0641393139
15666666.6666667,49175.0641376173
16000000,49175.0641337157
16333333.3333333,49175.0641282838
16666666.6666667,49175.0641222606
17000000,49175.0641166877
17333333.3333333,49175.0641125288
17666666.6666667,49175.0641105029
18000000,49175.0641109602
18333333.3333333,49175.0641138219
18666666.6666667,49175.0641185928
19000000,49175.0641244483
19333333.3333333,49175.0641303759
19666666.6666667,49175.0641353505
20000000,49175.0641385121
20333333.3333333,49175.0641393139
20666666.6666667,49175.0641376172
21000000,49175.0641337156
21333333.3333333,49175.0641282837
21666666.6666667,49175.0641222606
22000000,49175.0641166877
22333333.3333334,49175.0641125289
22666666.6666667,49175.0641105029
23000000,49175.0641109603
23333333.3333334,49175.0641138217
23666666.6666667,49175.0641185927
24000000,49175.0641244483
24333333.3333334,49175.0641303757
24666666.6666667,49175.0641353505
25000000,49175.064138512
25333333.3333334,49175.0641393138
25666666.6666667,49175.0641376174
26000000,49175.0641337158
26333333.3333334,49175.0641282839
26666666.6666667,49175.0641222607
27000000,49175.0641166878
27333333.3333334,49175.0641125288
27666666.6666667,49175.0641105029
28000000,49175.0641109602
28333333.3333334,49175.0641138218
28666666.6666667,49175.0641185928
29000000,49175.0641244483
29333333.3333334,49175.0641303758
29666666.6666667,49175.0641353504
30000000,49175.064138512
