grade,direction,H_A_per_m,B_raw_T,B_reference_T,B_fitted_T,B_holdout_T,B_reference_only_holdout_T
B23R075,RD,0.0,0.0,0.0,0.0,0.0,0.0
B23R075,RD,0.1,0.12216513771855403,8.8e-05,8.800000000000474e-05,0.10595941594249296,6.370245673676505e-05
B23R075,RD,0.2,0.12216526338226062,0.0003491852599914053,0.00034918525999140526,0.106149411347366,0.0002536978616093443
B23R075,RD,0.5,0.12216565507603189,0.002139304932735426,0.002139304932735425,0.10745490831229992,0.0015591801238904457
B23R075,RD,1.0,0.1221662833945626,0.008275446982288708,0.0082754469822887,0.11195006757399154,0.006054339385582061
B23R075,RD,2.0,0.12216754003162404,0.030814999772064183,0.030814999772064186,0.12863225321197813,0.02273652502356864
B23R075,RD,5.0,0.12217130994280835,0.1501016687231022,0.1501016687231022,0.22051988048947246,0.11462415230106296
B23R075,RD,10.0,0.12217759312811553,0.6501422762712021,0.6501422762712021,0.670253095830732,0.5643573676423227
B23R075,RD,20.0,0.12219015949872988,1.5154761541847288,1.5154761541847288,1.5565370133841951,1.45065004259093
B23R075,RD,50.0,0.122237112706258,1.8392556541896747,1.8392556541896747,1.9072445281809005,1.8014172368461525
B23R075,RD,100.0,0.12230920845747366,1.9193362303526782,1.9193362303526782,1.9604794795461744,1.8982602236061774
B23R075,RD,200.0,0.122467515732869,1.9479102353759805,1.9479102353759805,1.9606051432523182,1.9278197887886148
B23R075,RD,500.0,0.12297184654277873,1.963005670591088,1.9609821343707488,1.9609821343707488,1.9328226976380278
B23R075,RD,800.0,0.12350881228084999,1.9650114910993108,1.9613591254891796,1.9613591254891796,1.9362259792712009
B23R075,RD,1000.0,0.12378607028926052,1.9670029737459576,1.9616104529014669,1.9616104529014669,1.9454937871952334
B23R075,RD,1500.0,0.12463013185972827,1.9726551007429147,1.9622387714321847,1.9622387714321847,1.9578335396583222
B23R075,RD,2000.0,0.12546054947777163,1.9779888105780814,1.9628670899629028,1.9628670899629028,1.9628670899629028
B23R075,RD,3000.0,0.1271279767636161,1.9870113278878616,1.9641237270243386,1.9641237270243386,1.9641237270243386
B23R075,RD,5000.0,0.13050306648340598,1.9999152928692592,1.9666370011472105,1.9666370011472105,1.9666370011472105
B23R075,RD,7500.0,0.13486194085551823,2.0063617463802714,1.9697785938008003,1.9697785938008003,1.9697785938008003
B23R075,RD,10000.0,0.13949186826478843,2.009979689835803,1.9729201864543902,1.9729201864543902,1.9729201864543902
B23R075,RD,15000.0,0.15062625688234094,2.0153079052212557,1.9792033717615696,1.9792033717615696,1.9792033717615696
B23R075,RD,20000.0,0.3997123741184694,2.0201392377896017,1.9854865570687492,1.9854865570687492,1.9854865570687492
B23R075,RD,30000.0,1.7502720546513209,2.0280573668966864,1.9980529276831085,1.9980529276831085,1.9980529276831085
B23R075,RD,40000.0,1.7633005099408863,2.033276081115668,2.0106192982974678,2.0106192982974678,2.0106192982974678
B23R075,RD,50000.0,1.776172083028404,2.035121548031083,2.0231856689118266,2.0231856689118266,2.0231856689118266
B23R075,TD,0.0,0.0,0.0,0.0,0.0,0.0
B23R075,TD,0.1,2.648394023002288e-06,0.000201,0.000201,1.2566370614359172e-07,9.189222344952172e-05
B23R075,TD,0.2,2.77405772914588e-06,0.0004052035238504512,0.0004052035238504512,2.5132741228718345e-07,0.00018666998449119192
B23R075,TD,0.5,3.151048847576655e-06,0.0010348262331838565,0.0010348262331838565,6.283185307179586e-07,0.00048568005838810614
B23R075,TD,1.0,3.779367378294614e-06,0.0021386423248083214,0.0021386423248083214,1.2566370614359173e-06,0.001036034929027448
B23R075,TD,2.0,5.036004439730531e-06,0.004548646425966448,0.004548646425966448,2.5132741228718346e-06,0.0023252817646383646
B23R075,TD,5.0,8.805915624040976e-06,0.013325067163679878,0.013325067163679878,6.283185307179587e-06,0.007631080012941867
B23R075,TD,10.0,1.5089100931220562e-05,0.032632824008175416,0.032632824008175416,1.2566370614359173e-05,0.020786873719562532
B23R075,TD,20.0,2.7655471545579736e-05,0.08530677018574202,0.08530677018574202,2.5132741228718347e-05,0.059737723023706266
B23R075,TD,50.0,0.0001644688479004144,0.34899210964278404,0.34899210964278404,0.18536013689245284,0.27139166793186
B23R075,TD,100.0,0.0002664293624443308,0.7959400642123803,0.7959400642123803,0.6193133144619076,0.7054373545569433
B23R075,TD,200.0,0.00039438914607510533,1.279331578491815,1.279331578491815,1.1159244075149268,1.202184873448748
B23R075,TD,500.0,0.0011761455651581737,1.6197343370406747,1.6197343370406747,1.4794745398450928,1.5659418171688346
B23R075,TD,800.0,0.0019765203968978295,1.700210300070693,1.700210300070693,1.57394519009595,1.6605492818407057
B23R075,TD,1000.0,0.0022692395112601377,1.7397390512168291,1.7397390512168291,1.6133847237605758,1.7002686869185795
B23R075,TD,1500.0,0.003557919079903313,1.7803250071581649,1.7803250071581649,1.6562639413807112,1.7435134510244559
B23R075,TD,2000.0,0.004775157435388047,1.819598297904992,1.819598297904992,1.6994761387216204,1.7871238294124476
B23R075,TD,3000.0,0.0073095334971218645,1.859906975521425,1.859906975521425,1.7500839127743812,1.8385534532608738
B23R075,TD,5000.0,0.01314987577379452,1.8998441135794337,1.8998441135794337,1.7883222658650297,1.878716328097294
B23R075,TD,7500.0,0.14670828176742035,1.926465605556811,1.926465605556811,1.8564820328136977,1.9093496576868476
B23R075,TD,10000.0,0.8551928002718283,1.9397088726966332,1.9397088726966332,1.895394675798514,1.925561802930915
B23R075,TD,15000.0,1.9766399678725561,1.9479594869231431,1.9479594869231431,1.9792033717615696,1.9360168535290452
B23R075,TD,20000.0,1.9835624280625106,1.954491985504127,1.954491985504127,1.9854865570687492,1.9443414467481488
B23R075,TD,30000.0,1.9968397100928745,1.9636722885429638,1.9670583561184862,1.9980529276831085,1.956907817362508
B23R075,TD,40000.0,2.009768856335327,1.9685837158308843,1.9796247267328453,2.0106192982974678,1.9694741879768671
B23R075,TD,50000.0,2.022544196920112,1.9699919188835322,1.9921910973472046,2.0231856689118266,1.9820405585912264
B27R090,RD,0.0,0.0,0.0,0.0,0.0,0.0
B27R090,RD,0.1,4.013290367319692e-06,7.3e-05,7.3e-05,1.2566370614359172e-07,6.775908488148694e-05
B27R090,RD,0.2,4.138954073463284e-06,0.00028979256553502363,0.00028979256553502363,2.5132741228718345e-07,0.000269972490462221
B27R090,RD,0.5,4.515945191894061e-06,0.0017798643497757849,0.0017798643497757849,6.283185307179586e-07,0.0016571464450781835
B27R090,RD,1.0,5.14426372261202e-06,0.006907898003681663,0.006907898003681663,1.2566370614359173e-06,0.00642357047891674
B27R090,RD,2.0,6.4009007840479364e-06,0.025915782047775344,0.025915782047775344,2.5132741228718346e-06,0.024027704381376438
B27R090,RD,5.0,1.017081196835838e-05,0.13013257460772873,0.13013257460772873,0.052511515659585006,0.11922229361782771
B27R090,RD,10.0,1.6453997275537968e-05,0.620244123188854,0.620244123188854,0.497844746506272,0.5645555244645146
B27R090,RD,20.0,3.9333053285392935e-05,1.4954761541847288,1.4954761541847288,1.3860213911767039,1.4527258561637906
B27R090,RD,50.0,0.00014285104539396888,1.82850075444824,1.82850075444824,1.732455877324538,1.7991405300176944
B27R090,RD,100.0,0.00021197195994401285,1.909529250676381,1.909529250676381,1.833261083393896,1.8999522272244294
B27R090,RD,200.0,0.00036616372284901944,1.9445193691389762,1.9445193691389762,1.8582203054639554,1.9249651718318455
B27R090,RD,500.0,0.001026988358550432,1.9479962635151888,1.9479962635151888,1.8688678198520419,1.9356466029621757
B27R090,RD,800.0,0.0016940076804974613,1.9500068613725996,1.9500068613725996,1.8727308431029381,1.9395368683467622
B27R090,RD,1000.0,0.001977041407201771,1.9520353081686104,1.9520353081686104,1.883441652216337,1.950345447954763
B27R090,RD,1500.0,0.0030971697733444548,1.9636836434135367,1.9622387714321847,1.8933707857901416,1.9602880751656433
B27R090,RD,2000.0,0.0041498988739465115,1.9748930481043354,1.9628670899629028,1.8995752244302826,1.9628670899629028
B27R090,RD,3000.0,0.00631388691342423,1.984512325898116,1.9641237270243386,1.9097421212875045,1.9641237270243386
B27R090,RD,5000.0,0.011148762563593664,1.9949605292634331,1.9666370011472105,1.923431332161783,1.9666370011472105
B27R090,RD,7500.0,0.18528825999531587,2.0013130818870937,1.9697785938008003,1.9697785938008003,1.9697785938008003
B27R090,RD,10000.0,0.20296659574906825,2.0049770191037677,1.9729201864543902,1.9729201864543902,1.9729201864543902
B27R090,RD,15000.0,0.2692115783284227,2.0103079052212554,1.9792033717615696,1.9792033717615696,1.9792033717615696
B27R090,RD,20000.0,0.2837859283889075,2.0151392377896014,1.9854865570687492,1.9854865570687492,1.9854865570687492
B27R090,RD,30000.0,1.996281632906728,2.0230573668966865,1.9980529276831085,1.9980529276831085,1.9980529276831085
B27R090,RD,40000.0,2.009304941043692,2.028276081115668,2.0106192982974678,2.0106192982974678,2.0106192982974678
B27R090,RD,50000.0,2.022160153761784,2.030121548031083,2.0231856689118266,2.0231856689118266,2.0231856689118266
B27R090,TD,0.0,0.0,0.0,0.0,0.0,0.0
B27R090,TD,0.1,0.12199760066915324,0.000101,0.00010100000000000386,0.10782828141636178,0.00013279472662511787
B27R090,TD,0.2,0.12199772633285941,0.00020610176192522561,0.00020610176192523144,0.10796320054169514,0.0002677138519584756
B27R090,TD,0.5,0.12199810332397784,0.0005357516816143498,0.0005357516816143493,0.1083840099649096,0.0006885232751729345
B27R090,TD,1.0,0.12199873164250856,0.0011427744893035229,0.0011427744893035274,0.10913476780813569,0.0014392811183990253
B27R090,TD,2.0,0.12199998827957,0.0025651333424507655,0.0025651333424507594,0.11081778167409384,0.0031222949843571638
B27R090,TD,5.0,0.12200435487340289,0.008418063201944445,0.00841806320194445,0.11725511278164219,0.009559029409256944
B27R090,TD,10.0,0.12201107056178821,0.02293055701227753,0.02293055701227753,0.1321623905045665,0.024465874629103077
B27R090,TD,20.0,0.12202530690873353,0.06589845046807266,0.06589845046807266,0.1743718453579639,0.06667365950616953
B27R090,TD,50.0,0.12209854846283816,0.29926095976611083,0.29926095976611083,0.3940924556541898,0.2864231141217767
B27R090,TD,100.0,0.12220754297111519,0.7459400642123803,0.7459400642123803,0.8256639365060365,0.718121192100637
B27R090,TD,200.0,0.12234880375117438,1.238696973985296,1.238696973985296,1.3196803789219025,1.2122423898566597
B27R090,TD,500.0,0.12303272171253432,1.5897278807095834,1.5897278807095834,1.6809736263063693,1.5739134811873432
B27R090,TD,800.0,0.12372219953479822,1.680044096255136,1.680044096255136,1.7724621154426867,1.665725520132803
B27R090,TD,1000.0,0.12405095359982808,1.719752550331169,1.719752550331169,1.8118457075911332,1.7053607994215192
B27R090,TD,1500.0,0.12514032947973103,1.7603023395032913,1.7603023395032913,1.8541015450724299,1.7483415699011198
B27R090,TD,2000.0,0.12620647196430404,1.7997619801560607,1.7997619801560607,1.8982938517991155,1.7932159690396468
B27R090,TD,3000.0,0.12838572896938688,1.8497742728824915,1.8497742728824915,1.943968036325853,1.840372384474173
B27R090,TD,5000.0,0.1331212509350374,1.8899159370415892,1.8899159370415892,1.9666370011472105,1.8804447998896234
B27R090,TD,7500.0,0.14107839302229458,1.9193805651641427,1.9193805651641427,1.9697785938008003,1.9102680982358302
B27R090,TD,10000.0,0.6551139161491153,1.9346593796446816,1.9346593796446816,1.9729201864543902,1.9258991392695848
B27R090,TD,15000.0,1.6180725789312613,1.9442470341433629,1.9442470341433629,1.9792033717615696,1.9359357549502545
B27R090,TD,20000.0,1.8601388634038734,1.9518498053002167,1.9518498053002167,1.9854865570687492,1.9439217725986775
B27R090,TD,30000.0,1.8734954399929586,1.9625667558770623,1.964416175914576,1.9980529276831085,1.9564881432130368
B27R090,TD,40000.0,1.8865113245170662,1.9683286766158214,1.976982546528935,2.0106192982974678,1.9690545138273958
B27R090,TD,50000.0,1.8993586161839768,1.969990445530806,1.9895489171432943,2.0231856689118266,1.981620884441755
B27R095,RD,0.0,0.0,0.0,0.0,0.0,0.0
B27R095,RD,0.1,2.717006406610656e-06,5.5e-05,5.5e-05,1.2566370614359172e-07,7.22076901818506e-05
B27R095,RD,0.2,2.8426701127542476e-06,0.00022005805758487326,0.00022005805758487326,2.5132741228718345e-07,0.0002869821404432522
B27R095,RD,0.5,3.219661231185023e-06,0.0013537387892376682,0.0013537387892376682,6.283185307179586e-07,0.00176158660438011
B27R095,RD,1.0,3.847979761902981e-06,0.005260023394634783,0.005260023394634783,1.2566370614359173e-06,0.006830885237745782
B27R095,RD,2.0,5.104616823338899e-06,0.019774724197665936,0.019774724197665936,2.5132741228718346e-06,0.025576813072961117
B27R095,RD,5.0,8.874528007649344e-06,0.10010508871908844,0.10010508871908844,0.07400848246820235,0.1274285943100013
B27R095,RD,10.0,1.515771331482893e-05,0.5206434186402603,0.5206434186402603,0.5424467405436584,0.5958668523854573
B27R095,RD,20.0,3.536578767851923e-05,1.434162151036002,1.434162151036002,1.4146998760318923,1.4681188912912422
B27R095,RD,50.0,0.00014773600288202414,1.7762868042665183,1.7762868042665183,1.7636954057438932,1.81709069652578
B27R095,RD,100.0,0.0002274440516908824,1.8896022426414287,1.8896022426414287,1.8522060781237732,1.905592167890444
B27R095,RD,200.0,0.00036640509200275284,1.9120165996580532,1.9120165996580532,1.8832229296990253,1.9367076240016348
B27R095,RD,500.0,0.0010453372729820887,1.919992828628191,1.919992828628191,1.8900595139368634,1.9436129669647924
B27R095,RD,800.0,0.001745681387713638,1.9253780934971496,1.9253780934971496,1.8925317434053361,1.9461111522272232
B27R095,RD,1000.0,0.0020586386806151075,1.9398996399548214,1.9398996399548214,1.8988268432941036,1.9524958282061344
B27R095,RD,1500.0,0.0031406332683600047,1.9528822614110102,1.9528822614110104,1.9090276735747675,1.9622387714321847
B27R095,RD,2000.0,0.004192252313660563,1.9599917279949421,1.9599917279949421,1.9176839190042745,1.9628670899629028
B27R095,RD,3000.0,0.0063104513763685005,1.9711602897163434,1.9641237270243386,1.9270436005078695,1.9641237270243386
B27R095,RD,5000.0,0.010638738555257057,1.9849385550060403,1.9666370011472105,1.9378050541840453,1.9666370011472105
B27R095,RD,7500.0,0.016343431371805203,1.993325515624204,1.9697785938008003,1.940946646837635,1.9697785938008003
B27R095,RD,10000.0,0.022626527418289563,1.9979533030680594,1.9729201864543902,1.944088239491225,1.9729201864543902
B27R095,RD,15000.0,0.26849293518504785,2.003675946402599,1.9792033717615696,1.9792033717615696,1.9792033717615696
B27R095,RD,20000.0,0.2865549828606062,2.008680729301723,1.9854865570687492,1.9854865570687492,1.9854865570687492
B27R095,RD,30000.0,1.99403790635386,2.0165368047016496,1.9980529276831085,1.9980529276831085,1.9980529276831085
B27R095,RD,40000.0,2.0076251775011693,2.0214575460610575,2.0106192982974678,2.0106192982974678,2.0106192982974678
B27R095,RD,50000.0,2.0208635240774675,2.0231227981485476,2.0231856689118266,2.0231856689118266,2.0231856689118266
B27R095,TD,0.0,0.0,0.0,0.0,0.0,0.0
B27R095,TD,0.1,9.303795227825334e-06,8.5e-05,8.5e-05,1.2566370614359172e-07,0.00012300038257179326
B27R095,TD,0.2,9.429458933968924e-06,0.000171418134937688,0.000171418134937688,2.5132741228718345e-07,0.0002493343052606791
B27R095,TD,0.5,9.806450052399703e-06,0.00044640526905829597,0.00044640526905829597,6.283185307179586e-07,0.000643317159874956
B27R095,TD,1.0,1.043476858311766e-05,0.0009524787410862688,0.0009524787410862688,1.2566370614359173e-06,0.00135338142297699
B27R095,TD,2.0,1.1691405644553579e-05,0.0021375976477024067,0.0021375976477024067,2.5132741228718346e-06,0.0029687065080690944
B27R095,TD,5.0,1.5461316828862672e-05,0.007015263563183362,0.007015263563183362,6.283185307179587e-06,0.009303658041922264
B27R095,TD,10.0,2.174450213604226e-05,0.01910878919654985,0.01910878919654985,1.2566370614359173e-05,0.024339447137571073
B27R095,TD,20.0,3.431087275040144e-05,0.05491507902119728,0.05491507902119728,2.5132741228718347e-05,0.06762602341066103
B27R095,TD,50.0,0.00010532376226260711,0.24953389182237137,0.24953389182237137,0.20802386219030225,0.29666407317126475
B27R095,TD,100.0,0.0004938144784423472,0.6757100750831981,0.6757100750831981,0.6469649838653442,0.7353276152353565
B27R095,TD,200.0,0.0006470395540792706,1.1780940209867539,1.1780940209867539,1.1384417813351662,1.2269355461320597
B27R095,TD,500.0,0.001680953841184274,1.5497488673151745,1.5497488673151745,1.4947964984872106,1.583214338718981
B27R095,TD,800.0,0.0026697309716502554,1.6500574404531623,1.6500574404531623,1.5841436623995877,1.6724883177875165
B27R095,TD,1000.0,0.003270105555589292,1.6897368410612608,1.6897368410612608,1.623907333415235,1.7121714865010378
B27R095,TD,1500.0,0.005093926125536094,1.7305362929189045,1.7305362929189045,1.6679356319987815,1.7559474875326946
B27R095,TD,2000.0,0.006851090150216926,1.7794721462990977,1.7794721462990977,1.7092370494771305,1.79702341448065
B27R095,TD,3000.0,0.010547997674569765,1.829811460572286,1.829811460572286,1.7587370335927563,1.8459984999049253
B27R095,TD,5000.0,0.01954760673111794,1.8699526047186374,1.8699526047186374,1.8006348793150142,1.8861103532655747
B27R095,TD,7500.0,0.14131452466733846,1.9022478602782968,1.9022478602782968,1.8422138608350005,1.9152069405723011
B27R095,TD,10000.0,1.131939361592587,1.9196075973938425,1.9196075973938425,1.9729201864543902,1.9303211351417908
B27R095,TD,15000.0,1.7289394031710548,1.9305325813635823,1.9305325813635823,1.9792033717615696,1.9401233887708336
B27R095,TD,20000.0,1.9815945947376699,1.939204427002809,1.939204427002809,1.9854865570687492,1.9479321868127686
B27R095,TD,30000.0,1.995668664620125,1.9514580461205662,1.9517707976171683,1.9980529276831085,1.9604985574271279
B27R095,TD,40000.0,2.0090016399641772,1.9580726264683306,1.9643371682315274,2.0106192982974678,1.973064928041487
B27R095,TD,50000.0,2.0220053298364338,1.9599889498545535,1.9769035388458867,2.0231856689118266,1.9856312986558462
B30P105,RD,0.0,0.0,0.0,0.0,0.0,0.0
B30P105,RD,0.1,0.12216393708289017,4.3e-05,4.300000000000137e-05,0.08723389591203029,7.049231205454547e-05
B30P105,RD,0.2,0.12216406274659632,0.00017300717662226044,0.00017300717662226128,0.08744384790364292,0.0002804443036672907
B30P105,RD,0.5,0.12216443973771475,0.0010653178251121076,0.0010653178251121137,0.08888513980346052,0.0017217404155359384
B30P105,RD,1.0,0.12216506805624547,0.00414355358961986,0.004143553589619861,0.09384009491707879,0.006676695529154209
B30P105,RD,2.0,0.1221663246933069,0.015626497036834424,0.015626497036834427,0.11216108600109655,0.02499768661317196
B30P105,RD,5.0,0.12217009460449121,0.08009938516541917,0.08009938516541917,0.2116648370946808,0.12450143770675624
B30P105,RD,10.0,0.1221763777897984,0.42089761471304254,0.42089761471304254,0.6783186391815277,0.5911552397936032
B30P105,RD,20.0,0.12219348605487924,1.2944846657071494,1.2944846657071494,1.5651875549690395,1.4780259622012073
B30P105,RD,50.0,0.12230080958369303,1.7406255697775184,1.7406255697775184,1.8990205476340027,1.8118422911096888
B30P105,RD,100.0,0.12237342730349847,1.8689866351632223,1.8689866351632223,1.9604794795461744,1.9048053459576584
B30P105,RD,200.0,0.12303106243200322,1.8910171063650594,1.8910171063650594,1.9606051432523182,1.9332030777563132
B30P105,RD,500.0,0.12448599823955876,1.8959995167588526,1.8959995167588526,1.9609821343707488,1.9417094587914638
B30P105,RD,800.0,0.12573394084156322,1.9010027211041152,1.9010027211041152,1.9613591254891796,1.9449944853327483
B30P105,RD,1000.0,0.1267581340918567,1.9297582840016463,1.9297582840016463,1.9616104529014669,1.9517353753394122
B30P105,RD,1500.0,0.12915487780307805,1.9436470881974721,1.9436470881974721,1.9622387714321847,1.96217033120604
B30P105,RD,2000.0,0.1315010549908726,1.950007357485899,1.950007357485899,1.9628670899629028,1.9628670899629028
B30P105,RD,3000.0,0.13624033501282265,1.961061182846512,1.961061182846512,1.9641237270243386,1.9641237270243386
B30P105,RD,5000.0,0.14606297283130287,1.9749503982415697,1.9666370011472105,1.9666370011472105,1.9666370011472105
B30P105,RD,7500.0,0.1595696754545607,1.98457212710707,1.9697785938008003,1.9697785938008003,1.9697785938008003
B30P105,RD,10000.0,0.17679313611014846,1.9899309528886369,1.9729201864543902,1.9729201864543902,1.9729201864543902
B30P105,RD,15000.0,0.37888623227756113,1.9958608491039684,1.9792033717615696,1.9792033717615696,1.9792033717615696
B30P105,RD,20000.0,0.6364101646207838,2.0009529750577837,1.9854865570687492,1.9854865570687492,1.9854865570687492
B30P105,RD,30000.0,1.8623892973813732,2.008777935058834,1.9980529276831085,1.9980529276831085,1.9980529276831085
B30P105,RD,40000.0,1.8804359078994697,2.0135482894661814,2.0106192982974678,2.0106192982974678,2.0106192982974678
B30P105,RD,50000.0,1.8957963172553196,2.015123445530806,2.0231856689118266,2.0231856689118266,2.0231856689118266
B30P105,TD,0.0,0.0,0.0,0.0,0.0,0.0
B30P105,TD,0.1,0.12226347794390888,6.8e-05,6.799999999999862e-05,0.08145671791991295,0.00012359941739666178
B30P105,TD,0.2,0.12226360360761503,0.00013690541469703481,0.00013690541469703332,0.08158314722113041,0.0002500287186141284
B30P105,TD,0.5,0.12226398059873346,0.0003573895739910314,0.0003573895739910349,0.0819780687228587,0.0006449502203424087
B30P105,TD,1.0,0.12226460891726418,0.0007621829928690151,0.0007621829928690094,0.08268925002591554,0.001356131523399249
B30P105,TD,2.0,0.12226586555432561,0.0017097555616338437,0.001709755561633844,0.08430486297065672,0.002971744468140433
B30P105,TD,5.0,0.12226963546550992,0.005611463924422278,0.005611463924422272,0.09062642148285947,0.009293503147262142
B30P105,TD,10.0,0.1222759186508171,0.015287021380822167,0.015287021380822163,0.10559803448609664,0.024265261240705632
B30P105,TD,20.0,0.12228848502143147,0.043931707574321875,0.04393170757432188,0.14863852716264797,0.06730631413803376
B30P105,TD,50.0,0.12238373399803897,0.19998195968946106,0.19998195968946106,0.3760455254126514,0.2947086746231921
B30P105,TD,100.0,0.12251625402066033,0.5971458169933678,0.5971458169933678,0.8149703710340533,0.7337136435246193
B30P105,TD,200.0,0.12355573912316,1.0985723939307646,1.0985723939307646,1.3095812853714504,1.2274270461561065
B30P105,TD,500.0,0.12575324840772634,1.4995463746438418,1.4995463746438418,1.6667175681589435,1.5832100831871974
B30P105,TD,800.0,0.12764086870280472,1.5999818254963538,1.5999818254963538,1.7590455705861896,1.6744848636791996
B30P105,TD,1000.0,0.1291999053081478,1.6398368077630148,1.6398368077630148,1.7998294786603268,1.7141308523294885
B30P105,TD,1500.0,0.13290640904293433,1.7000740887936328,1.7000740887936328,1.8427663873580094,1.7547853879511282
B30P105,TD,2000.0,0.13656879846956577,1.749739711423076,1.749739711423076,1.888046855785902,1.797774137346138
B30P105,TD,3000.0,0.144229420028748,1.8096729270348244,1.8096729270348244,1.9402087440625748,1.8451301462014484
B30P105,TD,5000.0,0.16228130892954074,1.8499750389396012,1.8499750389396012,1.9666370011472105,1.8852130206438513
B30P105,TD,7500.0,0.5798859927453339,1.88195385375783,1.88195385375783,1.9697785938008003,1.9149332627755657
B30P105,TD,10000.0,1.329293317155091,1.899637959742447,1.899637959742447,1.9729201864543902,1.9304156243436306
B30P105,TD,15000.0,1.572627315959764,1.9127809924087185,1.9127809924087185,1.9792033717615696,1.940125819525217
B30P105,TD,20000.0,1.5910102330362292,1.923439386521882,1.923439386521882,1.9854865570687492,1.9478261414588645
B30P105,TD,30000.0,1.8663839786786371,1.9388206628008802,1.9388206628008802,1.9980529276831085,1.9603925120732237
B30P105,TD,40000.0,1.8845336290411971,1.9474002470792393,1.9513870334152392,2.0106192982974678,1.9729588826875828
B30P105,TD,50000.0,1.8987605220260202,1.9499848646492675,1.9639534040295985,2.0231856689118266,1.985525253301942
