phi1,Phi,phi2
3.461171791963995048e+00,4.445064121752169228e+01,4.300897796122896688e-01
1.045579426900097175e+01,5.003831589790052448e+01,1.630764357783575846e+01
6.848062022025676043e+00,4.475277565816041658e+01,3.463549784703088221e+02
1.958972480395384252e+01,5.356987158796007975e+01,3.568160148375496874e+02
3.590973815211108331e+02,3.721109585559143085e+01,1.178505881845653569e+01
3.190904113346340409e+02,3.622113500264981667e+01,1.448784919438086405e+01
4.829952254501858278e+00,4.333222211659189327e+01,2.776996969827318029e+00
9.367426429160424561e+00,3.017100876803138476e+01,3.559038491542420388e+02
7.334030040664870853e+00,3.773549859405473228e+01,3.596712204134976218e+02
4.592974171608126710e+00,4.403753600664374801e+01,1.076369757605955213e+00
3.907083008689852477e+00,4.453461245057073370e+01,1.535703046124004434e+00
3.993733901606027863e-04,4.473745167005567680e+01,7.170636953413029424e+00
8.777517345270625881e+00,4.651338378245478822e+01,3.581709921596753361e+02
3.595956551169555269e+02,4.683821776223665978e+01,3.558358659209082475e+02
4.456452962796995543e+00,4.565415955057437003e+01,1.591659205572368618e+00
5.229580626223858886e+00,4.485334367791713106e+01,3.574876660207141867e+02
1.409245265076340559e+01,4.356006736179302408e+01,3.563818876820806167e+02
4.754972105007509775e+00,4.010473944792384771e+01,3.540640074300027891e+02
3.560818414725316075e+02,4.654445628796750611e+01,5.426499098916290897e+00
4.949988604006395398e+00,4.495569968098379121e+01,2.119969504514589501e-02
1.568551748499887388e+01,4.737800644577846754e+01,3.400156399941737018e+00
3.559716374141274287e+00,4.473723712909892924e+01,3.780197591869929319e-01
1.544593148646625913e+01,4.649159001169297767e+01,3.556464222157713380e+02
3.437273482347182441e+00,4.108734518214147613e+01,3.586790794979362431e+02
1.514549049463060681e+00,4.251655328582321403e+01,2.859844420139510124e+00
1.261426490241209564e+01,4.560236586491333810e+01,1.745221105395386330e+00
5.168396988792576252e+00,4.334070289804727594e+01,2.401889945701284335e-01
2.014895358854408300e+02,9.614800549535634389e+01,7.653731410476449781e+00
7.806823290486329725e+00,4.904364053175918770e+01,3.588754237870615498e+02
4.244740005828643525e+00,4.556667742885290551e+01,3.583735450186792377e+02
1.076397635236467742e+01,4.155262117936020871e+01,3.561433455734865561e+02
3.872055198852304869e+01,8.158148405084264709e+01,1.578336213169425548e+02
