"Time [ns]","-Moving1.Torque [NewtonMeter]","TorqueDQ []"
0,1.87947686208762,1.86937786396094
333333.333333333,2.11693931198815,1.81920286686597
666666.666666667,1.57689050588529,1.7894994309242
1000000,1.98426145524153,2.00005752589567
1333333.33333333,1.79779197629474,1.87833112097757
1666666.66666667,1.91202134704697,1.82053515025212
2000000,1.88668736208315,1.87219209908811
2333333.33333333,1.75858775405694,1.87343056574127
2666666.66666667,2.13127776850222,2.1115904960417
3000000,1.76576604664071,1.93769434746826
3333333.33333333,1.85255888743976,1.86746289972484
3666666.66666667,2.04555791942042,1.80745285538432
4000000,1.77111958004733,1.88621101663354
4333333.33333333,1.89200604287232,1.94819972371779
4666666.66666666,1.7983191530419,1.86890090147698
5000000,1.40941407784322,2.37418376710546
5333333.33333333,1.80407917041387,1.85444603009097
5666666.66666666,1.72918003022059,1.86873782452077
6000000,2.05072145322401,1.85537972456969
6333333.33333333,1.74137003361399,1.90813839318118
6666666.66666666,1.84013891562032,1.84552674237487
7000000,2.03535151383921,1.795764918181
7333333.33333333,1.75956386169057,1.85837453705662
7666666.66666666,1.87380753537951,2.03009152772965
7999999.99999999,1.83999650453177,1.72647366158833
8333333.33333333,1.91011912698578,1.81227956993197
8666666.66666666,1.86219228292219,1.84034901293627
8999999.99999999,1.75139424734456,1.87427471631304
9333333.33333333,2.0890049754223,1.89271052126753
9666666.66666666,1.54030050929417,2.04348383775933
10000000,1.854335762174,1.86941769634973
