grade,direction,grain_id,table_sha256,min_signed_endpoint_m_projection,max_branch_inversion_error_T,native_unforced_midpoint_H0_T,max_residual_torque_T
B23R075,RD,1,1b617ea426302c180b913e70bc36be0b13236af35dda95f1094af37025b37b4f,0.9973328,0.0004143403825156433,0.00014192961626668943,
B23R075,RD,2,adfe50c2712e72a6fdddd9c665c78b2ef18efec3d72ca89414591609a95c50fd,0.99989605,6.33194282517735e-06,-2.940530730022317e-08,
B23R075,RD,3,d8934585965530e3b98b38a265e9e2143d27a608d50b46a0db246f48e8b2f8b9,0.9991845,0.000100389718909355,-5.0194859454566476e-05,
B23R075,RD,4,9607277ca6bfa509ec97ced908658a3e5b7fcdb3e353e5706e4f35485a85d4ef,0.99992925,6.8612383552491e-07,2.254406888946292e-07,
B23R075,RD,5,04ad6118c7d45e5a478f91790693696fa662667499ab64c77e3da9e655d6b8da,0.9998337,1.3212784718774628e-05,6.606392359387314e-06,
B23R075,RD,6,68d03a6babbb64d642680ec4dcba5ba9fbc4038ba34c833b61988bd6ac7f50ab,0.9992836,4.744056234340377e-05,3.9207076307778976e-07,
B23R075,RD,7,0e2a1940b8e3c94ce6045c643371e2c558671880e8fbc0f1b550b1c6afbb26ae,-0.006281603,1.9723441298002964,2.7935041876370192e-06,
B23R075,RD,8,8af38147217df267beded88003800de41aff341119e02ff8455d7ad83c6b76f2,-0.0062824,1.9716087952029135,0.9771681494145162,
B23R075,TD,1,9932b5ae310c855029d44ca819c13272e2616aa249e4fb895516dcf2ffc79103,0.9986062,2.502730591094558,1.137005213203146e-06,
B23R075,TD,2,54f13848d8e819f828806de7fd219535901781111dd7222fc58b28c6ce8802e9,0.99992096,6.07709682909352e-06,-1.1762122897884808e-07,
B23R075,TD,3,d6f00e496806db60ad3b6eb8d176f95f17edc6a24a7a835d728ffe67478415ba,0.9996475,0.00032483062728472234,1.4702653605702665e-07,
B23R075,TD,4,cc5ecfa1ec307a1e8de3f04bd18b86f5b51c47407414cbd24ae5705c646904bb,0.9999325,3.411015639498416e-06,-1.9603538170542834e-07,
B23R075,TD,5,14d1b263f803ce1a8a3f0fabf7413f24c3c4d520d5c9018661520d8548ccc883,0.9999083,1.8231290487502605e-05,8.762781556814758e-06,
B23R075,TD,6,fe5f0125f1cfb26f88dc213b6d52f46a510fea8cae70b8ac96488d8c7fe7f630,0.9996975,1.0812441839185523,-4.900884541525485e-07,
B23R075,TD,7,83166009ee40f8dcd122b986d2b628258ef83bcefa5edde8f1f0db682bfd7ea6,0.99989307,2.793504187570406e-05,9.399896547024333e-06,
B23R075,TD,8,ea0c81a89f2b045e6c7d63ed5434545f0153d655f0e72b2807ee038b74208649,0.99977577,1.0993921789722292,7.351326808402447e-07,
B27R090,RD,1,f393ff89950caabea41a197270a621e5f8cb0a1ec98a44494d42759adc784ef5,0.99897623,0.00012716815203361875,-3.440420946787537e-05,
B27R090,RD,2,1fb8e27df0546ef912f4213e671f25fab0f59f1b09bf210e8349fb02a86c54b0,0.99934125,9.101922766951986e-05,6.17511451972419e-07,
B27R090,RD,3,1e2a5c0139517bc5e01281b49d0550db7cb993bcd205104765def175c6e652cc,0.9995122,6.057493290945182e-05,3.0287466454614886e-05,
B27R090,RD,4,42c76929d710ddc23c0fd0a19c9c3a8abcac91cbabe0d513ebcb1a61548bf74c,0.99979556,1.1174016747439453e-06,9.801769096373647e-08,
B27R090,RD,5,d1852faa8d16959010991eddac752e2d296d84adfa24c42c0b234dc7b82fc612,0.9999209,2.352424579354917e-06,0.0,
B27R090,RD,6,c2317af0c02780715e4872a2dc480061eb3e187a35e0e193420824e034399d14,0.9998365,1.4016529783056342e-05,0.0,
B27R090,RD,7,da7cf31401c1ec4d1d1f1124ee284be3bdbdbfcca23554684709f8803c3b535d,0.9992429,0.0001246785026873809,-3.7050687119233316e-05,
B27R090,RD,8,929af5cab0ff928f26387dc4274cf010a9d63b8d97b677c284ba00dfd129e0e7,0.9991889,0.0010532981052508994,9.801769074169187e-08,
B27R090,TD,1,8d3dc960f0d89394359363dad4bb39222585b8c648f7c1960e2a1d6a5f5b459d,0.99955153,0.23785815799727927,-2.009362661148373e-06,
B27R090,TD,2,3596bb05f053dbc9c479967da216c13575e3f6844c1d619e1d7b7557bcdffc5a,-0.0062302295,1.9719746550553867,0.9759663324128616,
B27R090,TD,3,999fc8b560ee86e6e3ab27e560dd74b5b7e5c4dc4deec587f602c9bd15a9fdc4,0.9997852,0.00016212126056980303,1.1762122875680348e-07,
B27R090,TD,4,f50e025ff8e14207bf61c960a3222d5fe5d21dccc5294f7465b2005f7912f75a,0.99987817,5.324320963806528e-05,1.287952457007524e-05,
B27R090,TD,5,121adf9057a9323fe3479f96a425af5eef9d1d2e0b9126decd6be684306a3047,0.9999207,5.410576531694744e-06,-2.7052882657363497e-06,
B27R090,TD,6,7991b1f7b9f322fb6781b66fb4761e8c3e96210acf37cb304568894f71786b39,0.99989116,2.430838731637408e-05,-2.450442269097408e-07,
B27R090,TD,7,03767fe2942726ceef909f584b3e544c7f39b0277adadd35f285ee7ccc1dea63,0.9996536,0.20300608609651993,3.430619176514327e-07,
B27R090,TD,8,0403f841103f07c0dd750d1c501a8a1064b54eaa7ba019b63d2d98f133f6a786,0.9974507,1.2938335184564664e-05,1.2742299804191504e-07,
B27R095,RD,1,7f2fd2d2e502fe34c27fbea773d56e5ebe40634236b288111431ad7700a30066,0.99915874,0.00012226726749409167,0.0,
B27R095,RD,2,c39900a75fcc70034413f4fdc0a66966146dc55d3ba6f2038694346d2303c976,0.999221,6.93965250797568e-06,1.9603538159440603e-07,
B27R095,RD,3,6e13bc1255aee8e9a7827584a8ede7d36ed07c35b1cfdb5792920da7356e4515,0.9990674,0.00011448466284513792,2.3524245773565156e-07,
B27R095,RD,4,ff1dc1d3473eee2f5b3cd90cf87c39fedaa8b13bacf9ea866e5a7d0634a236db,0.99942386,9.331284163405229e-05,2.450442269097408e-07,
B27R095,RD,5,ec7d24edb60bf4d8fcb2d2d7520ce68666d311ef9531ab3b0bf3a39d41ff8126,0.99489933,3.655780790572435,1.764318434238632e-06,
B27R095,RD,6,d25982f73b575ce2fbdc3b873357a51765b597208471c734cf1da67957ac6ac3,0.9994358,7.286635133474384e-05,1.8192083411028293e-05,
B27R095,RD,7,cb8103d1b8b23e30fdd3111e36219aff58654babd2611ef8900e8305e71bfa0a,0.9999112,4.01872532251879e-06,9.801769074169187e-08,
B27R095,RD,8,b8915171a30a5c74bfb53f7b73e14903f386b1869487d7ba44b07a287c562bbd,0.99940574,8.339345132601927e-05,0.0,
B27R095,TD,1,54e24f192905510a8a140a5c479140b32389c69092f6122f1e15db908ab607fb,0.9996176,0.00029072047088907205,6.98866135346865e-05,
B27R095,TD,2,5dfda35155b9f57107046e8405913872acebb8a642aa2e1e7fc4262072308f38,0.99967194,1.1003579276760647,1.078194598713722e-06,
B27R095,TD,3,a9473c65791c3868eae5a95a08e0b2ccde3c67f627fbc9bb9164349052582ad0,0.9995483,1.617291898070583e-05,-8.13546833566825e-07,
B27R095,TD,4,b6940afea6998adb103f0e86850685d2f855f6ebcc1797b34c895b205e776eeb,0.9996356,0.00029130857703374424,1.2840317494822173e-06,
B27R095,TD,5,547d26d2a78a807b24fa1cf206eb761f94734024c1edde6cce6729cc7ba85251,0.99743116,0.8812797239920753,9.213662934826061e-07,
B27R095,TD,6,fd759bf60458c29203b0989cc5d06156c4b045d5dc18b3836f09fd273c5eb5e5,0.9996414,1.125194885191846,2.5484599597280777e-07,
B27R095,TD,7,c6e949208dbd3a89f11db38ecab3ae60b4d21ac92c3bccea960405e7db27e5e8,0.9999236,3.92037574377904,0.0,
B27R095,TD,8,64d67c3cff3b4b3748aa77735bc7b39aef44049351fad9a88b5c213c1fb3eaab,0.999713,2.160309905052671e-05,-1.5094724382658242e-06,
B30P105,RD,1,302f4816c3d793949e81568abed6bc5e5ab55ffc27a103e9c836b174ef37c5e3,0.99901867,0.0001032322319420853,-2.6464776503587473e-07,
B30P105,RD,2,081834a8e450416f2538b05422bf08e27b8a09b23802b037ad9a19ab7ef7dc11,0.99843097,0.0001597688359908922,-2.3524245795769616e-07,
B30P105,RD,3,1106925f79d9d3498db8fce64be57b41b733208e8a58fab3b3322b9db2edd00e,0.9896164,0.00011428862746321045,4.763659772533124e-06,
B30P105,RD,4,8d757b5bd2ec291dfdd6ad9930198ac3b50cd1bf6640e78e5a3dfbab95ae059e,0.99991477,8.821592172303383e-07,0.0,
B30P105,RD,5,662757152dee64e45ac23868c71e8c1c8afec9e8d26c3db09371e5e828beaf93,0.9998892,9.801769079276212e-06,9.801769074169187e-08,
B30P105,RD,6,acdd6c6da677f255b10b5110179e48c258322fd8a81c860c522c692c4f6939f1,0.99908626,8.488332022604794e-06,-5.881061446721958e-07,
B30P105,RD,7,9da152e60c742e6e45adcfc4d3cb8dc2f06d13bf91b179205c6544a5d73c331e,-0.0062801368,1.9716291523010785,0.97730401238411,
B30P105,RD,8,1a3969b91e3206b154d032bbfcc93d19fc10b2e987c4fd5d4554a6ceb93f3e72,0.9956219,1.1879744124199121e-05,1.617291898070583e-06,
B30P105,TD,1,0a32c4c514f1962f567524665a5985717385dbd41e9f4fdea7591122de8fb3b6,0.9993801,1.0589894632596097,-6.175114519946234e-06,
B30P105,TD,2,c5bf3d01d671d91b170af174a15151bb99215affdbb80320b4dd42426a0e6800,0.99933356,0.0004063813460237764,-0.00019387899238676454,
B30P105,TD,3,84952338c79247bc63c8d838ea24c4c211c885b47aa05786ede91db7263cf76d,0.99724936,6.941612861899316e-05,3.695266942882469e-06,
B30P105,TD,4,00c52111e56170a601e6d6c05a9a2a31326c2459fc3d231bcc73c2512f40c827,0.99980533,2.3524245791328724e-06,3.9207076318881207e-07,
B30P105,TD,5,fa5a707577e663180e0c81eb14eec2187e2a0c1cb1760fdfee12f9c5b94c6748,-0.0063098352,1.9717782089796785,0.9777942790327616,
B30P105,TD,6,070d98ead36b4302ef31b55ddd22a33dbcc737e13617cc6ae4f35035ec96d4f9,0.99959123,0.0002808990982721138,0.00014044954913594587,
B30P105,TD,7,29194f0ccf9afd103ab17391afb13079acfb7eb95234e9656f9c00b2c524400e,0.99974287,3.8265793416693015,-6.648539966414013e-05,
B30P105,TD,8,808ec4156b30fa1b0e321a9a5f00ab32831a7dd28af7524991ff06fde6f1a985,0.9983397,1.082249100491628,0.00016800232201741316,
