H_A_per_m,B_raw_mean_T,grain_std_T,n_grains
0.0,0.0,0.0,8
0.1,0.12226347794390888,0.34568670406835955,8
0.2,0.12226360360761503,0.3456867040683596,8
0.5,0.12226398059873346,0.3456867040683596,8
1.0,0.12226460891726418,0.34568670406835955,8
2.0,0.12226586555432561,0.34568670406835955,8
5.0,0.12226963546550992,0.34568670406835955,8
10.0,0.1222759186508171,0.34568670406835955,8
20.0,0.12228848502143147,0.3456867040683596,8
50.0,0.12238373399803897,0.3456634600259196,8
100.0,0.12251625402066033,0.3456353134304583,8
200.0,0.12355573912316,0.34527197799929626,8
500.0,0.12575324840772634,0.3445688849638158,8
800.0,0.12764086870280472,0.34400691263948724,8
1000.0,0.1291999053081478,0.34355131835815966,8
1500.0,0.13290640904293433,0.34250572070362817,8
2000.0,0.13656879846956577,0.3415635788322469,8
3000.0,0.144229420028748,0.3398336704776458,8
5000.0,0.16228130892954074,0.3369077856169875,8
7500.0,0.5798859927453339,0.7957817206332588,8
10000.0,1.329293317155091,0.6250691976719213,8
15000.0,1.572627315959764,0.7126580267771129,8
20000.0,1.5910102330362292,0.7152319562967703,8
30000.0,1.8663839786786371,0.344316730267366,8
40000.0,1.8845336290411971,0.34610138321514317,8
50000.0,1.8987605220260202,0.3467384583757908,8
