grade,direction,grain_id,diagnostic_version,angle_deg,table_sha256,rows,H_axis,max_branch_inversion_error_T,min_signed_endpoint_m_projection,max_residual_torque_T,torque_status,native_descending_H0_T,native_ascending_H0_T,native_unforced_midpoint_H0_T,native_branch_separation_H0_T,branch_separation_B800_T,max_energy_density_J_per_m3,max_abs_mz,B800_before_guard_T,B800_after_guard_T,guard_max_change_T,native_H0_is_not_measured_Br,screening_is_not_material_validation,endpoint_screen_failed,inversion_screen_failed,torque_gate_evaluable
B23R075,RD,1,directional_native_loop_audit_v1,0,1b617ea426302c180b913e70bc36be0b13236af35dda95f1094af37025b37b4f,102,physical_A_per_m,0.0004143403825156433,0.9973328,,not_recorded_unknown,1.9280983501895805,-1.9278144909570472,0.00014192961626668943,3.855912841146628,3.8556847931063034,135380.58593749997,0.0017589461,0.0027118662986845843,0.0027118662986845843,5.091142351448807e-16,True,True,False,False,False
B23R075,RD,2,directional_native_loop_audit_v1,0,adfe50c2712e72a6fdddd9c665c78b2ef18efec3d72ca89414591609a95c50fd,102,physical_A_per_m,6.33194282517735e-06,0.99989605,,not_recorded_unknown,1.9597361083526597,-1.9597361671632743,-2.940530730022317e-08,3.919472275515934,3.919464238065289,146004.26953124997,0.0006904357,0.0010316470026644486,0.0010316470026644486,2.9405307480384856e-08,True,True,False,False,False
B23R075,RD,3,directional_native_loop_audit_v1,0,d8934585965530e3b98b38a265e9e2143d27a608d50b46a0db246f48e8b2f8b9,102,physical_A_per_m,0.000100389718909355,0.9991845,,not_recorded_unknown,1.9508830721061736,-1.9509834618250828,-5.0194859454566476e-05,3.9018665339312566,3.9018149178152854,145672.30468749997,0.0020157993,0.0015089245444379618,0.0015089245444379618,5.0194859454749564e-05,True,True,False,False,False
B23R075,RD,4,directional_native_loop_audit_v1,0,9607277ca6bfa509ec97ced908658a3e5b7fcdb3e353e5706e4f35485a85d4ef,102,physical_A_per_m,6.8612383552491e-07,0.99992925,,not_recorded_unknown,1.9601689544751972,-1.9601685035938194,2.254406888946292e-07,3.9203374580690165,3.9203367719451583,146349.04687499997,0.0028592816,0.0010077600915219254,0.0010077600915219254,4.9008843237813684e-08,True,True,False,False,False
B23R075,RD,5,directional_native_loop_audit_v1,0,04ad6118c7d45e5a478f91790693696fa662667499ab64c77e3da9e655d6b8da,102,physical_A_per_m,1.3212784718774628e-05,0.9998337,,not_recorded_unknown,1.958977725875464,-1.9589645130907452,6.606392359387314e-06,3.917942238966209,3.9179352208995484,146114.28124999997,0.002027418,0.0010734907548632933,0.0010734907548632933,3.690996889637449e-16,True,True,False,False,False
B23R075,RD,6,directional_native_loop_audit_v1,0,68d03a6babbb64d642680ec4dcba5ba9fbc4038ba34c833b61988bd6ac7f50ab,102,physical_A_per_m,4.744056234340377e-05,0.9992836,,not_recorded_unknown,1.9521077835490812,-1.952106999407555,3.9207076307778976e-07,3.904214782956636,3.9040797145787254,145832.89062499997,0.0025552262,0.0014527604076141065,0.0014527604076141065,3.6909926544727127e-16,True,True,False,False,False
B23R075,RD,7,directional_native_loop_audit_v1,0,0e2a1940b8e3c94ce6045c643371e2c558671880e8fbc0f1b550b1c6afbb26ae,102,physical_A_per_m,1.9723441298002964,-0.006281603,,not_recorded_unknown,1.9589901937257328,-1.9589846067173575,2.7935041876370192e-06,3.9179748004430905,3.917975172910315,8670578.906249998,0.00028048287,0.0010715107975094451,0.0010715107975094451,0.0023880433714349447,True,True,True,True,False
B23R075,RD,8,directional_native_loop_audit_v1,0,8af38147217df267beded88003800de41aff341119e02ff8455d7ad83c6b76f2,102,physical_A_per_m,1.9716087952029135,-0.0062824,,not_recorded_unknown,1.9543290016471955,7.297181837006615e-06,0.9771681494145162,1.9543217044653585,1.9547937387956331,8670656.249999998,0.0023267784,0.9782125383495042,0.9782125383495042,0.0037564488846231203,True,True,True,True,False
B23R075,TD,1,directional_native_loop_audit_v1,90,9932b5ae310c855029d44ca819c13272e2616aa249e4fb895516dcf2ffc79103,102,physical_A_per_m,2.502730591094558,0.9986062,,not_recorded_unknown,1.9173565130415327,-1.9173542390311062,1.137005213203146e-06,3.834710752072639,3.8330208878763083,124465.99218749997,0.004067653,0.005506811305847625,0.005506811305847625,2.8705268956090435e-16,True,True,False,True,False
B23R075,TD,2,directional_native_loop_audit_v1,90,54f13848d8e819f828806de7fd219535901781111dd7222fc58b28c6ce8802e9,102,physical_A_per_m,6.07709682909352e-06,0.99992096,,not_recorded_unknown,1.9598602575598167,-1.9598604928022747,-1.1762122897884808e-07,3.9197207503620914,3.9197041265598553,134985.74218749997,0.002753613,0.0010461830271480954,0.0010461830271480954,1.1762122919091125e-07,True,True,False,False,False
B23R075,TD,3,directional_native_loop_audit_v1,90,d6f00e496806db60ad3b6eb8d176f95f17edc6a24a7a835d728ffe67478415ba,102,physical_A_per_m,0.00032483062728472234,0.9996475,,not_recorded_unknown,1.9498776850481816,-1.9498773909951095,1.4702653605702665e-07,3.899755076043291,3.899275004933478,130215.32421874999,0.0012610555,0.0022348828014460143,0.0022348828014460143,2.9782356051819003e-16,True,True,False,False,False
B23R075,TD,4,directional_native_loop_audit_v1,90,cc5ecfa1ec307a1e8de3f04bd18b86f5b51c47407414cbd24ae5705c646904bb,102,physical_A_per_m,3.411015639498416e-06,0.9999325,,not_recorded_unknown,1.9601195535590379,-1.9601199456298013,-1.9603538170542834e-07,3.920239499188839,3.9202355784810354,135298.42968749997,0.0004336877,0.0010162876310826352,0.0010162876310826352,1.960353818064692e-07,True,True,False,False,False
B23R075,TD,5,directional_native_loop_audit_v1,90,14d1b263f803ce1a8a3f0fabf7413f24c3c4d520d5c9018661520d8548ccc883,102,physical_A_per_m,1.8231290487502605e-05,0.9999083,,not_recorded_unknown,1.9593124758930567,-1.959294950329943,8.762781556814758e-06,3.9186074262229997,3.918582666954306,135193.82812499997,0.0014679302,0.0011131585143269174,0.0011131585143269174,2.8705607769269337e-16,True,True,False,False,False
B23R075,TD,6,directional_native_loop_audit_v1,90,fe5f0125f1cfb26f88dc213b6d52f46a510fea8cae70b8ac96488d8c7fe7f630,102,physical_A_per_m,1.0812441839185523,0.9996975,,not_recorded_unknown,1.9515520232422905,-1.9515530034191988,-4.900884541525485e-07,3.903105026661489,3.9026955479003282,130235.35156249997,0.001541439,0.0020485119603022017,0.0020485119603022017,4.900884542535894e-07,True,True,False,True,False
B23R075,TD,7,directional_native_loop_audit_v1,90,83166009ee40f8dcd122b986d2b628258ef83bcefa5edde8f1f0db682bfd7ea6,102,physical_A_per_m,2.793504187570406e-05,0.99989307,,not_recorded_unknown,1.9587624790264846,-1.9587436792333905,9.399896547024333e-06,3.917506158259875,3.9174265875050303,135253.26953124997,0.00041128218,0.0011609421418582455,0.0011609421418582455,4.80120297360366e-16,True,True,False,False,False
B23R075,TD,8,directional_native_loop_audit_v1,90,ea0c81a89f2b045e6c7d63ed5434545f0153d655f0e72b2807ee038b74208649,102,physical_A_per_m,1.0993921789722292,0.99977577,,not_recorded_unknown,1.9545393084045584,-1.9545378381391967,7.351326808402447e-07,3.909077146543755,3.908811361773404,130249.17968749997,0.0013649194,0.0016853857931709015,0.0016853857931709015,2.9782356051819003e-16,True,True,False,True,False
B27R090,RD,1,directional_native_loop_audit_v1,0,f393ff89950caabea41a197270a621e5f8cb0a1ec98a44494d42759adc784ef5,102,physical_A_per_m,0.00012716815203361875,0.99897623,,not_recorded_unknown,1.9485745594526405,-1.9486433678715762,-3.440420946787537e-05,3.897217927324217,3.896972843885602,145389.94140624997,0.00024035512,0.0015600898061328694,0.0015600898061328694,3.4404209468058456e-05,True,True,False,False,False
B27R090,RD,2,directional_native_loop_audit_v1,0,1fb8e27df0546ef912f4213e671f25fab0f59f1b09bf210e8349fb02a86c54b0,102,physical_A_per_m,9.101922766951986e-05,0.99934125,,not_recorded_unknown,1.9529666733664155,-1.9529654383435116,6.17511451972419e-07,3.905932111709927,3.9058999031123163,145634.10937499997,0.00039265084,0.00135072399929137,0.00135072399929137,3.6909926544727127e-16,True,True,False,False,False
B27R090,RD,3,directional_native_loop_audit_v1,0,1e2a5c0139517bc5e01281b49d0550db7cb993bcd205104765def175c6e652cc,102,physical_A_per_m,6.057493290945182e-05,0.9995122,,not_recorded_unknown,1.955080072004658,-1.9550194970717487,3.0287466454614886e-05,3.9100995690764067,3.910075848795235,145799.35546874997,0.0012503748,0.0012832878202347908,0.0012832878202347908,2.9782356051819003e-16,True,True,False,False,False
B27R090,RD,4,directional_native_loop_audit_v1,0,42c76929d710ddc23c0fd0a19c9c3a8abcac91cbabe0d513ebcb1a61548bf74c,102,physical_A_per_m,1.1174016747439453e-06,0.99979556,,not_recorded_unknown,1.9585157881022994,-1.9585155920669175,9.801769096373647e-08,3.9170313801692167,3.91702459734059,145922.10937499997,0.00017891634,0.001096701346255169,0.001096701346255169,3.9807499202342e-16,True,True,False,False,False
B27R090,RD,5,directional_native_loop_audit_v1,0,d1852faa8d16959010991eddac752e2d296d84adfa24c42c0b234dc7b82fc612,102,physical_A_per_m,2.352424579354917e-06,0.9999209,,not_recorded_unknown,1.9600317297080885,-1.9600317297080885,0.0,3.920063459416177,3.92006181271891,146000.60937499997,2.7419914e-05,0.0010144841054744447,0.0010144841054744447,2.8705268956090435e-16,True,True,False,False,False
B27R090,RD,6,directional_native_loop_audit_v1,0,c2317af0c02780715e4872a2dc480061eb3e187a35e0e193420824e034399d14,102,physical_A_per_m,1.4016529783056342e-05,0.9998365,,not_recorded_unknown,1.959010777440799,-1.959010777440799,0.0,3.918021554881598,3.91800340200475,145946.91406249997,1.3229282e-05,0.001063473349674715,0.001063473349674715,3.9807499202342e-16,True,True,False,False,False
B27R090,RD,7,directional_native_loop_audit_v1,0,da7cf31401c1ec4d1d1f1124ee284be3bdbdbfcca23554684709f8803c3b535d,102,physical_A_per_m,0.0001246785026873809,0.9992429,,not_recorded_unknown,1.9517917745139681,-1.9518658758882066,-3.7050687119233316e-05,3.9036576504021747,3.903504135113296,145564.24999999997,4.047427e-05,0.0014067999216216265,0.0014067999216216265,3.705068711952743e-05,True,True,False,False,False
B27R090,RD,8,directional_native_loop_audit_v1,0,929af5cab0ff928f26387dc4274cf010a9d63b8d97b677c284ba00dfd129e0e7,102,physical_A_per_m,0.0010532981052508994,0.9991889,,not_recorded_unknown,1.9294080625739434,-1.9294078665385619,9.801769074169187e-08,3.858815929112505,3.8573206496359354,125073.21484374997,0.0035237223,0.004776501095294705,0.004776501095294705,2.9782356051819003e-16,True,True,False,False,False
B27R090,TD,1,directional_native_loop_audit_v1,90,8d3dc960f0d89394359363dad4bb39222585b8c648f7c1960e2a1d6a5f5b459d,102,physical_A_per_m,0.23785815799727927,0.99955153,,not_recorded_unknown,1.9463944303705067,-1.946398449095829,-2.009362661148373e-06,3.892792879466336,3.892576279949739,130168.83984374996,0.0001582492,0.0024257232839265397,0.0024257232839265397,2.1269836654725936e-06,True,True,False,True,False
B27R090,TD,2,directional_native_loop_audit_v1,90,3596bb05f053dbc9c479967da216c13575e3f6844c1d619e1d7b7557bcdffc5a,102,physical_A_per_m,1.9719746550553867,-0.0062302295,,not_recorded_unknown,1.9519308420136636,1.8228120595192072e-06,0.9759663324128616,1.951929019201604,1.9529057175462963,8670576.562499998,0.0004506228,0.9772645330923527,0.9772645330923527,0.0035453279664077186,True,True,True,True,False
B27R090,TD,3,directional_native_loop_audit_v1,90,999fc8b560ee86e6e3ab27e560dd74b5b7e5c4dc4deec587f602c9bd15a9fdc4,102,physical_A_per_m,0.00016212126056980303,0.9997852,,not_recorded_unknown,1.9551258854733342,-1.9551256502308767,1.1762122875680348e-07,3.910251535704211,3.9100191161247024,130189.53124999999,0.0018177296,0.0015992968708991029,0.0015992968708991029,2.9782356051819003e-16,True,True,False,False,False
B27R090,TD,4,directional_native_loop_audit_v1,90,f50e025ff8e14207bf61c960a3222d5fe5d21dccc5294f7465b2005f7912f75a,102,physical_A_per_m,5.324320963806528e-05,0.99987817,,not_recorded_unknown,1.9582447495837212,-1.958218990534581,1.287952457007524e-05,3.916463740118302,3.9163511374036313,135238.70312499997,0.0002727866,0.001218694166258194,0.001218694166258194,3.690979948978504e-16,True,True,False,False,False
B27R090,TD,5,directional_native_loop_audit_v1,90,121adf9057a9323fe3479f96a425af5eef9d1d2e0b9126decd6be684306a3047,102,physical_A_per_m,5.410576531694744e-06,0.9999207,,not_recorded_unknown,1.9599747618262002,-1.9599801724027317,-2.7052882657363497e-06,3.919954934228932,3.9199513271779107,134628.46484374997,0.003991248,0.001029618036464952,0.001029618036464952,2.7052882659194367e-06,True,True,False,False,False
B27R090,TD,6,directional_native_loop_audit_v1,90,7991b1f7b9f322fb6781b66fb4761e8c3e96210acf37cb304568894f71786b39,102,physical_A_per_m,2.430838731637408e-05,0.99989116,,not_recorded_unknown,1.9588198389791363,-1.95882032906759,-2.450442269097408e-07,3.9176401680467263,3.9175759664592578,135067.77343749997,0.0022075875,0.001166156679738295,0.001166156679738295,2.450442270107817e-07,True,True,False,False,False
B27R090,TD,7,directional_native_loop_audit_v1,90,03767fe2942726ceef909f584b3e544c7f39b0277adadd35f285ee7ccc1dea63,102,physical_A_per_m,0.20300608609651993,0.9996536,,not_recorded_unknown,1.9505228374889745,-1.9505221513651392,3.430619176514327e-07,3.901044988854114,3.900615063596983,130171.60156249997,0.0012816063,0.0021255930751761243,0.0021255930751761243,2.8705268956090435e-16,True,True,False,True,False
B27R090,TD,8,directional_native_loop_audit_v1,90,0403f841103f07c0dd750d1c501a8a1064b54eaa7ba019b63d2d98f133f6a786,102,physical_A_per_m,1.2938335184564664e-05,0.9974507,,not_recorded_unknown,1.9265235979693165,-1.9265233431233204,1.2742299804191504e-07,3.8530469410926367,3.8524531303182803,136000.92187499997,0.004415633,0.002947981073569861,0.002947981073569861,2.8705268956090435e-16,True,True,False,False,False
B27R095,RD,1,directional_native_loop_audit_v1,0,7f2fd2d2e502fe34c27fbea773d56e5ebe40634236b288111431ad7700a30066,102,physical_A_per_m,0.00012226726749409167,0.99915874,,not_recorded_unknown,1.9508411401380528,-1.9508411401380528,0.0,3.9016822802761055,3.9015324308304224,145515.90624999997,0.0004384318,0.0015076503144576536,0.0015076503144576536,3.6909926544727127e-16,True,True,False,False,False
B27R095,RD,2,directional_native_loop_audit_v1,0,c39900a75fcc70034413f4fdc0a66966146dc55d3ba6f2038694346d2303c976,102,physical_A_per_m,6.93965250797568e-06,0.999221,,not_recorded_unknown,1.9515173249797506,-1.9515169329089874,1.9603538159440603e-07,3.903034257888738,3.9028911520601817,145627.14843749997,0.0014628763,0.0014765787064766611,0.0014765787064766611,4.801215679097869e-16,True,True,False,False,False
B27R095,RD,3,directional_native_loop_audit_v1,0,6e13bc1255aee8e9a7827584a8ede7d36ed07c35b1cfdb5792920da7356e4515,102,physical_A_per_m,0.00011448466284513792,0.9990674,,not_recorded_unknown,1.9497325012445805,-1.949732030759665,2.3524245773565156e-07,3.8994645320042456,3.8992964512680754,145461.45703124997,0.00067203643,0.0015672450704591334,0.0015672450704591334,2.9782356051819003e-16,True,True,False,False,False
B27R095,RD,4,directional_native_loop_audit_v1,0,ff1dc1d3473eee2f5b3cd90cf87c39fedaa8b13bacf9ea866e5a7d0634a236db,102,physical_A_per_m,9.331284163405229e-05,0.99942386,,not_recorded_unknown,1.953983940168531,-1.9539834500800772,2.450442269097408e-07,3.9079673902486083,3.9077976628291258,145764.78515624997,0.001468203,0.001308115708258839,0.001308115708258839,3.6909926544727127e-16,True,True,False,False,False
B27R095,RD,5,directional_native_loop_audit_v1,0,ec7d24edb60bf4d8fcb2d2d7520ce68666d311ef9531ab3b0bf3a39d41ff8126,102,physical_A_per_m,3.655780790572435,0.99489933,,not_recorded_unknown,1.8956521421128492,-1.8956486134759807,1.764318434238632e-06,3.79130075558883,3.7902909183666758,134596.84765624997,0.0027235448,0.004405533621454016,0.004405533621454016,3.6617403716392855e-16,True,True,False,True,False
B27R095,RD,6,directional_native_loop_audit_v1,0,d25982f73b575ce2fbdc3b873357a51765b597208471c734cf1da67957ac6ac3,102,physical_A_per_m,7.286635133474384e-05,0.9994358,,not_recorded_unknown,1.9541519620940868,-1.9541155779272648,1.8192083411028293e-05,3.9082675400213516,3.9082058672903055,145741.75781249997,0.0011627106,0.001332590718703175,0.001332590718703175,2.9782356051819003e-16,True,True,False,False,False
B27R095,RD,7,directional_native_loop_audit_v1,0,cb8103d1b8b23e30fdd3111e36219aff58654babd2611ef8900e8305e71bfa0a,102,physical_A_per_m,4.01872532251879e-06,0.9999112,,not_recorded_unknown,1.9599246943897437,-1.9599244983543622,9.801769074169187e-08,3.919849192744106,3.919841155293269,146094.51562499997,0.0015612816,0.0010198162681142042,0.0010198162681142042,2.8705268956090435e-16,True,True,False,False,False
B27R095,RD,8,directional_native_loop_audit_v1,0,b8915171a30a5c74bfb53f7b73e14903f386b1869487d7ba44b07a287c562bbd,102,physical_A_per_m,8.339345132601927e-05,0.99940574,,not_recorded_unknown,1.9538270138455731,-1.9538270138455731,0.0,3.9076540276911462,3.9075511875134827,145673.99609374997,0.0003127795,0.0013479206937854205,0.0013479206937854205,2.8705268956090435e-16,True,True,False,False,False
B27R095,TD,1,directional_native_loop_audit_v1,90,54e24f192905510a8a140a5c479140b32389c69092f6122f1e15db908ab607fb,102,physical_A_per_m,0.00029072047088907205,0.9996176,,not_recorded_unknown,1.9491260853951886,-1.9489863121681192,6.98866135346865e-05,3.898112397563308,3.897749536071996,130194.17968749999,0.00072952866,0.002300123344511129,0.002300123344511129,4.801118270308935e-16,True,True,False,False,False
B27R095,TD,2,directional_native_loop_audit_v1,90,5dfda35155b9f57107046e8405913872acebb8a642aa2e1e7fc4262072308f38,102,physical_A_per_m,1.1003579276760647,0.99967194,,not_recorded_unknown,1.9510021439969476,-1.9509999876077502,1.078194598713722e-06,3.9020021316046978,3.901580459498911,130188.59374999997,0.0012683377,0.0020868368493476286,0.0020868368493476286,2.8705268956090435e-16,True,True,False,True,False
B27R095,TD,3,directional_native_loop_audit_v1,90,a9473c65791c3868eae5a95a08e0b2ccde3c67f627fbc9bb9164349052582ad0,102,physical_A_per_m,1.617291898070583e-05,0.9995483,,not_recorded_unknown,1.9503171963736932,-1.9503188234673603,-8.13546833566825e-07,3.9006360198410537,3.9002885275236574,133500.33203124997,0.005678159,0.0019580710089540654,0.0019580710089540654,8.135468337469867e-07,True,True,False,False,False
B27R095,TD,4,directional_native_loop_audit_v1,90,b6940afea6998adb103f0e86850685d2f855f6ebcc1797b34c895b205e776eeb,102,physical_A_per_m,0.00029130857703374424,0.9996356,,not_recorded_unknown,1.9507225387321945,-1.9507199706686955,1.2840317494822173e-06,3.9014425094008898,3.9010371278353126,129777.27343749997,0.0035417064,0.0020623716337260234,0.0020623716337260234,2.8705268956090435e-16,True,True,False,False,False
B27R095,TD,5,directional_native_loop_audit_v1,90,547d26d2a78a807b24fa1cf206eb761f94734024c1edde6cce6729cc7ba85251,102,physical_A_per_m,0.8812797239920753,0.99743116,,not_recorded_unknown,1.8724599802591722,-1.8724581375265852,9.213662934826061e-07,3.7449181177857573,3.7478468656909487,124000.01171874999,0.0044706315,0.008066259595645109,0.008066259595645109,3.9807499202342e-16,True,True,False,True,False
B27R095,TD,6,directional_native_loop_audit_v1,90,fd759bf60458c29203b0989cc5d06156c4b045d5dc18b3836f09fd273c5eb5e5,102,physical_A_per_m,1.125194885191846,0.9996414,,not_recorded_unknown,1.9512631847110649,-1.951262675019073,2.5484599597280777e-07,3.9025258597301375,3.9021494914010346,129635.48046874996,0.0039534555,0.0019846338031588306,0.0019846338031588306,2.9782356051819003e-16,True,True,False,True,False
B27R095,TD,7,directional_native_loop_audit_v1,90,c6e949208dbd3a89f11db38ecab3ae60b4d21ac92c3bccea960405e7db27e5e8,102,physical_A_per_m,3.92037574377904,0.9999236,,not_recorded_unknown,1.9601942430394217,-1.9601942430394217,0.0,3.9203884860788434,3.9203884076646904,153745.26562499997,0.0051392773,0.0010055448916066467,0.0010055448916066467,2.8705268956090435e-16,True,True,False,True,False
B27R095,TD,8,directional_native_loop_audit_v1,90,64d67c3cff3b4b3748aa77735bc7b39aef44049351fad9a88b5c213c1fb3eaab,102,physical_A_per_m,2.160309905052671e-05,0.999713,,not_recorded_unknown,1.9525823852078963,-1.9525854041527728,-1.5094724382658242e-06,3.905167789360669,3.9048222377935513,130210.87109374997,0.0012850754,0.0018940066462526106,0.0018940066462526106,1.509472438366865e-06,True,True,False,False,False
B30P105,RD,1,directional_native_loop_audit_v1,0,302f4816c3d793949e81568abed6bc5e5ab55ffc27a103e9c836b174ef37c5e3,102,physical_A_per_m,0.0001032322319420853,0.99901867,,not_recorded_unknown,1.948610767187619,-1.948611296483149,-2.6464776503587473e-07,3.897222063670768,3.8970268712413247,145859.04296874997,0.003469367,0.0016510109890099933,0.0016510109890099933,2.646477651369156e-07,True,True,False,False,False
B30P105,RD,2,directional_native_loop_audit_v1,0,081834a8e450416f2538b05422bf08e27b8a09b23802b037ad9a19ab7ef7dc11,102,physical_A_per_m,0.0001597688359908922,0.99843097,,not_recorded_unknown,1.9421508132582812,-1.9421512837431971,-2.3524245795769616e-07,3.8843020970014783,3.884139681681403,145049.40624999997,6.653655e-05,0.0018474286809490037,0.0018474286809490037,2.3524245814078313e-07,True,True,False,False,False
B30P105,RD,3,directional_native_loop_audit_v1,0,1106925f79d9d3498db8fce64be57b41b733208e8a58fab3b3322b9db2edd00e,102,physical_A_per_m,0.00011428862746321045,0.9896164,,not_recorded_unknown,1.5449847572627582,-1.5449752299432131,4.763659772533124e-06,3.0899599872059715,3.0956678295650524,121815.92578124997,0.0058495547,0.01702561619790144,0.01702561619790144,2.9782356051819003e-16,True,True,False,False,False
B30P105,RD,4,directional_native_loop_audit_v1,0,8d757b5bd2ec291dfdd6ad9930198ac3b50cd1bf6640e78e5a3dfbab95ae059e,102,physical_A_per_m,8.821592172303383e-07,0.99991477,,not_recorded_unknown,1.9601468024770783,-1.9601468024770783,0.0,3.9202936049541566,3.92029282081263,148228.82812499997,0.0065130983,0.0010075248489603839,0.0010075248489603839,3.6909926544727127e-16,True,True,False,False,False
B30P105,RD,5,directional_native_loop_audit_v1,0,662757152dee64e45ac23868c71e8c1c8afec9e8d26c3db09371e5e828beaf93,102,physical_A_per_m,9.801769079276212e-06,0.9998892,,not_recorded_unknown,1.9598053088423588,-1.9598051128069773,9.801769074169187e-08,3.9196104216493364,3.919602913494222,149038.12499999994,0.007134402,0.00102988268423021,0.00102988268423021,3.6909926544727127e-16,True,True,False,False,False
B30P105,RD,6,directional_native_loop_audit_v1,0,acdd6c6da677f255b10b5110179e48c258322fd8a81c860c522c692c4f6939f1,102,physical_A_per_m,8.488332022604794e-06,0.99908626,,not_recorded_unknown,1.9500977543675482,-1.9500989305798375,-5.881061446721958e-07,3.9001966849473857,3.9000372689750815,145497.05078124997,0.0007020688,0.0015402902054914014,0.0015402902054914014,5.88106144884259e-07,True,True,False,False,False
B30P105,RD,7,directional_native_loop_audit_v1,0,9da152e60c742e6e45adcfc4d3cb8dc2f06d13bf91b179205c6544a5d73c331e,102,physical_A_per_m,1.9716291523010785,-0.0062801368,,not_recorded_unknown,1.9546102340056157,-2.2092373957683573e-06,0.97730401238411,1.9546124432430114,1.9550670411504019,8670790.624999998,0.0022125342,0.9783396723815794,0.9783396723815794,0.003844316027402206,True,True,True,True,False
B30P105,RD,8,directional_native_loop_audit_v1,0,1a3969b91e3206b154d032bbfcc93d19fc10b2e987c4fd5d4554a6ceb93f3e72,102,physical_A_per_m,1.1879744124199121e-05,0.9956219,,not_recorded_unknown,1.9077171396724366,-1.9077139050886405,1.617291898070583e-06,3.815431044761077,3.8140700496311233,134777.56640624997,0.0016250317,0.0034301007443839904,0.0034301007443839904,2.8705268956090435e-16,True,True,False,False,False
B30P105,TD,1,directional_native_loop_audit_v1,90,0a32c4c514f1962f567524665a5985717385dbd41e9f4fdea7591122de8fb3b6,102,physical_A_per_m,1.0589894632596097,0.9993801,,not_recorded_unknown,1.9407096983576428,-1.9407220485866827,-6.175114519946234e-06,3.8814317469443256,3.881402851036875,129892.25781249999,0.003432099,0.0028512181553222993,0.0028512181553222993,6.175114520047275e-06,True,True,False,True,False
B30P105,TD,2,directional_native_loop_audit_v1,90,c5bf3d01d671d91b170af174a15151bb99215affdbb80320b4dd42426a0e6800,102,physical_A_per_m,0.0004063813460237764,0.99933356,,not_recorded_unknown,1.9390824086551137,-1.9394701666398872,-0.00019387899238676454,3.878552575295001,3.878033669516391,130111.23437499996,0.00094463443,0.0033527353877047528,0.0033527353877047528,0.00019387899238686558,True,True,False,False,False
B30P105,TD,3,directional_native_loop_audit_v1,90,84952338c79247bc63c8d838ea24c4c211c885b47aa05786ede91db7263cf76d,102,physical_A_per_m,6.941612861899316e-05,0.99724936,,not_recorded_unknown,1.4534162580576455,-1.4534088675237598,3.695266942882469e-06,2.9068251255814053,2.914538506850621,117546.89062499997,0.0077641085,0.02400039877693505,0.02400039877693505,3.9807499202342e-16,True,True,False,False,False
B30P105,TD,4,directional_native_loop_audit_v1,90,00c52111e56170a601e6d6c05a9a2a31326c2459fc3d231bcc73c2512f40c827,102,physical_A_per_m,2.3524245791328724e-06,0.99980533,,not_recorded_unknown,1.958653993046316,-1.9586532089047897,3.9207076318881207e-07,3.9173072019511057,3.9172802666896764,146473.32031249997,0.0035886155,0.001092016098423243,0.001092016098423243,2.8705268956090435e-16,True,True,False,False,False
B30P105,TD,5,directional_native_loop_audit_v1,90,fa5a707577e663180e0c81eb14eec2187e2a0c1cb1760fdfee12f9c5b94c6748,102,physical_A_per_m,1.9717782089796785,-0.0063098352,,not_recorded_unknown,1.9556402431075344,-5.168504201123295e-05,0.9777942790327616,1.9556919281495455,1.9561082289347251,8665791.406249998,0.004364151,0.9788104098105498,0.9788104098105498,0.004233589296160911,True,True,True,True,False
B30P105,TD,6,directional_native_loop_audit_v1,90,070d98ead36b4302ef31b55ddd22a33dbcc737e13617cc6ae4f35035ec96d4f9,102,physical_A_per_m,0.0002808990982721138,0.99959123,,not_recorded_unknown,1.9483651544580323,-1.9480842553597604,0.00014044954913594587,3.8964494098177926,3.8961992489955004,130298.12499999997,0.00047618692,0.0023737542697606084,0.0023737542697606084,3.980919326823651e-16,True,True,False,False,False
B30P105,TD,7,directional_native_loop_audit_v1,90,29194f0ccf9afd103ab17391afb13079acfb7eb95234e9656f9c00b2c524400e,102,physical_A_per_m,3.8265793416693015,0.99974287,,not_recorded_unknown,1.9532998158938795,-1.9534327866932077,-6.648539966414013e-05,3.906732602587087,3.9063980289888782,136181.86718749997,0.00082751055,0.0017340712164722882,0.0017340712164722882,6.648539966424118e-05,True,True,False,True,False
B30P105,TD,8,directional_native_loop_audit_v1,90,808ec4156b30fa1b0e321a9a5f00ab32831a7dd28af7524991ff06fde6f1a985,102,physical_A_per_m,1.082249100491628,0.9983397,,not_recorded_unknown,1.8992086160055461,-1.8988726113615113,0.00016800232201741316,3.7980812273670574,3.796831109983778,125022.70312499997,0.0013808717,0.006912345907269746,0.006912345907269746,3.661892837569791e-16,True,True,False,True,False
