direction,manifest_seed,material_seed,n_grains,H_A_per_m,B_guarded_midpoint_mean_T
RD,20261004,20261007,64,0.0,0.0
RD,20261004,20261007,64,0.1,0.029456390259538882
RD,20261004,20261007,64,0.2,0.02945651592324504
RD,20261004,20261007,64,0.5,0.029456892914363493
RD,20261004,20261007,64,1.0,0.029457521232894187
RD,20261004,20261007,64,2.0,0.02945877786995561
RD,20261004,20261007,64,5.0,0.029462553294496145
RD,20261004,20261007,64,10.0,0.029468841687129682
RD,20261004,20261007,64,20.0,0.029483509464995224
RD,20261004,20261007,64,50.0,0.029595220989678032
RD,20261004,20261007,64,100.0,0.03032814390151776
RD,20261004,20261007,64,200.0,0.03106969625320018
RD,20261004,20261007,64,500.0,0.0339805552608445
RD,20261004,20261007,64,800.0,0.03737565102662545
RD,20261004,20261007,64,1000.0,0.038472443171025814
RD,20261004,20261007,64,1500.0,0.0702823643509613
RD,20261004,20261007,64,2000.0,0.07407484822574828
RD,20261004,20261007,64,3000.0,0.10243227504593652
RD,20261004,20261007,64,5000.0,0.16898625256227343
RD,20261004,20261007,64,7500.0,0.2633149527048342
RD,20261004,20261007,64,10000.0,0.306184218122112
RD,20261004,20261007,64,15000.0,0.6677607448771836
RD,20261004,20261007,64,20000.0,1.1817917007252001
RD,20261004,20261007,64,30000.0,1.9024295377482041
RD,20261004,20261007,64,40000.0,1.9532208105302171
RD,20261004,20261007,64,50000.0,1.969680824655415
RD,20261005,20261008,64,0.0,0.0
RD,20261005,20261008,64,0.1,0.015170766728656923
RD,20261005,20261008,64,0.2,0.015171010779349448
RD,20261005,20261008,64,0.5,0.015171387770467882
RD,20261005,20261008,64,1.0,0.015172016088998593
RD,20261005,20261008,64,2.0,0.015173272726060007
RD,20261005,20261008,64,5.0,0.015177042637244342
RD,20261005,20261008,64,10.0,0.015183527065097622
RD,20261005,20261008,64,20.0,0.015200228709966249
RD,20261005,20261008,64,50.0,0.01525666957667692
RD,20261005,20261008,64,100.0,0.015729344337273004
RD,20261005,20261008,64,200.0,0.016214831330843518
RD,20261005,20261008,64,500.0,0.01813017183253676
RD,20261005,20261008,64,800.0,0.020010319726548615
RD,20261005,20261008,64,1000.0,0.02082298909851699
RD,20261005,20261008,64,1500.0,0.02419277727312336
RD,20261005,20261008,64,2000.0,0.027343625562718424
RD,20261005,20261008,64,3000.0,0.034351929033937495
RD,20261005,20261008,64,5000.0,0.12400778955797646
RD,20261005,20261008,64,7500.0,0.16052099989006186
RD,20261005,20261008,64,10000.0,0.28936163539401716
RD,20261005,20261008,64,15000.0,0.3683372126340493
RD,20261005,20261008,64,20000.0,0.8943935719203283
RD,20261005,20261008,64,30000.0,1.9733438486090749
RD,20261005,20261008,64,40000.0,1.9895572341375867
RD,20261005,20261008,64,50000.0,2.003960797242565
TD,20261004,20261007,64,0.0,0.0
TD,20261004,20261007,64,0.1,0.08045907721043606
TD,20261004,20261007,64,0.2,0.0804592028741422
TD,20261004,20261007,64,0.5,0.08045957986526062
TD,20261004,20261007,64,1.0,0.08046020818379135
TD,20261004,20261007,64,2.0,0.08046146482085283
TD,20261004,20261007,64,5.0,0.08046523473203707
TD,20261004,20261007,64,10.0,0.08050246470387554
TD,20261004,20261007,64,20.0,0.08051503107653654
TD,20261004,20261007,64,50.0,0.08075800667465456
TD,20261004,20261007,64,100.0,0.08161546379549607
TD,20261004,20261007,64,200.0,0.08239196551810778
TD,20261004,20261007,64,500.0,0.08590129357664933
TD,20261004,20261007,64,800.0,0.08934121408021756
TD,20261004,20261007,64,1000.0,0.09082638849844817
TD,20261004,20261007,64,1500.0,0.0971741125254016
TD,20261004,20261007,64,2000.0,0.10383183344684707
TD,20261004,20261007,64,3000.0,0.16078994166934904
TD,20261004,20261007,64,5000.0,0.2112674342823188
TD,20261004,20261007,64,7500.0,0.43376243717091606
TD,20261004,20261007,64,10000.0,1.068378755989085
TD,20261004,20261007,64,15000.0,1.7813871796050575
TD,20261004,20261007,64,20000.0,1.8647766243173438
TD,20261004,20261007,64,30000.0,1.8910400754600019
TD,20261004,20261007,64,40000.0,1.9411963591617047
TD,20261004,20261007,64,50000.0,1.956845800433936
TD,20261005,20261008,64,0.0,0.0
TD,20261005,20261008,64,0.1,0.0036413396789089433
TD,20261005,20261008,64,0.2,0.0036414653426150873
TD,20261005,20261008,64,0.5,0.0036418423337335176
TD,20261005,20261008,64,1.0,0.0036424706522642358
TD,20261005,20261008,64,2.0,0.003644319990060138
TD,20261005,20261008,64,5.0,0.0036484109091549145
TD,20261005,20261008,64,10.0,0.0036550227598274353
TD,20261005,20261008,64,20.0,0.003671105055644798
TD,20261005,20261008,64,50.0,0.003792511751370806
TD,20261005,20261008,64,100.0,0.004220758628526607
TD,20261005,20261008,64,200.0,0.005388510773545704
TD,20261005,20261008,64,500.0,0.007912805585054484
TD,20261005,20261008,64,800.0,0.010658010745438472
TD,20261005,20261008,64,1000.0,0.012091330317107992
TD,20261005,20261008,64,1500.0,0.017082844764416523
TD,20261005,20261008,64,2000.0,0.02241063552847654
TD,20261005,20261008,64,3000.0,0.10256592080886523
TD,20261005,20261008,64,5000.0,0.1420961097441976
TD,20261005,20261008,64,7500.0,0.44254129595323033
TD,20261005,20261008,64,10000.0,1.2382788064359758
TD,20261005,20261008,64,15000.0,1.9580074719439164
TD,20261005,20261008,64,20000.0,1.969864732221694
TD,20261005,20261008,64,30000.0,1.9896274419036857
TD,20261005,20261008,64,40000.0,2.0057122058962458
TD,20261005,20261008,64,50000.0,2.0200850229969225
