direction,manifest_seed,material_seed,n_grains,B800_raw_mean_T,B800_grain_std_T,delta_B800_vs_largest_N_T,max_curve_delta_vs_largest_N_T,largest_N,comparison_role,goss_count,goss_fraction_realized
RD,20261004,20261007,4,0.009718798114021376,0.00848915365870753,-0.02765685291260407,0.7781901874000552,64,nested_prefix_not_independent_validation,2,0.5
RD,20261004,20261007,8,0.12143535637537263,0.32572533191663267,0.08405970534874718,0.3278484964441495,64,nested_prefix_not_independent_validation,5,0.625
RD,20261004,20261007,16,0.0631624586730042,0.23054199854589402,0.02578680764637875,0.2306302023984239,64,nested_prefix_not_independent_validation,11,0.6875
RD,20261004,20261007,32,0.03339316652090987,0.16321541240078216,-0.003982484505715575,0.13670664461310622,64,nested_prefix_not_independent_validation,23,0.71875
RD,20261004,20261007,64,0.03737565102662545,0.16564516661135303,0.0,0.0,64,nested_prefix_not_independent_validation,44,0.6875
RD,20261005,20261008,4,0.007884142291632229,0.010063671069120622,-0.012126177434916386,0.6169904221475899,64,nested_prefix_not_independent_validation,2,0.5
RD,20261005,20261008,8,0.0051404837197181474,0.007240116282280352,-0.014869836006830468,0.16610112995715243,64,nested_prefix_not_independent_validation,6,0.75
RD,20261005,20261008,16,0.06824425534896994,0.24115308565979687,0.04823393562242133,0.3200818784255566,64,nested_prefix_not_independent_validation,12,0.75
RD,20261005,20261008,32,0.035614450012192725,0.17102065070702255,0.01560413028564411,0.07728421938206309,64,nested_prefix_not_independent_validation,26,0.8125
RD,20261005,20261008,64,0.020010319726548615,0.1211269044887074,0.0,0.0,64,nested_prefix_not_independent_validation,54,0.84375
TD,20261004,20261007,4,0.30791813676360613,0.5865829003861069,0.21857692268338857,0.6874279464611439,64,nested_prefix_not_independent_validation,2,0.5
TD,20261004,20261007,8,0.1554891924795278,0.4171538059054189,0.06614797839931025,0.3401539341920805,64,nested_prefix_not_independent_validation,5,0.625
TD,20261004,20261007,16,0.08137019337704993,0.29513375941700165,-0.00797102070316763,0.1265784975586366,64,nested_prefix_not_independent_validation,11,0.6875
TD,20261004,20261007,32,0.10918182614277827,0.3237073878513326,0.019840612062560714,0.0983971701277731,64,nested_prefix_not_independent_validation,23,0.71875
TD,20261004,20261007,64,0.08934121408021756,0.2815177070424755,0.0,0.0,64,nested_prefix_not_independent_validation,44,0.6875
TD,20261005,20261008,4,0.009310160658597605,0.012878542551906133,-0.0013478500868408672,0.38093632675144334,64,nested_prefix_not_independent_validation,2,0.5
TD,20261005,20261008,8,0.006712812838360338,0.008965649195040141,-0.003945197907078134,0.20352867001529096,64,nested_prefix_not_independent_validation,6,0.75
TD,20261005,20261008,16,0.010217700023278778,0.01467820976358091,-0.0004403107221596942,0.29973259615345815,64,nested_prefix_not_independent_validation,12,0.75
TD,20261005,20261008,32,0.007202920391657829,0.011146498058674585,-0.003455090353780643,0.12401621095678061,64,nested_prefix_not_independent_validation,26,0.8125
TD,20261005,20261008,64,0.010658010745438472,0.040413342074677276,0.0,0.0,64,nested_prefix_not_independent_validation,54,0.84375
