"Time [ns]","InputCurrent(WG_Ph1_P1) [mA]","InputCurrent(WG_Ph2_P1) [mA]","InputCurrent(WG_Ph3_P1) [mA]","Id_peak []","Iq_peak []"
0,3535.53390593273,-4829.62913144534,1294.09522551261,-3.53553390593274,3.53553390593274
333333.333333333,4193.35283972712,-4455.03262094184,261.679781214724,-3.53553390593274,3.53553390593274
666666.666666667,4667.90213248601,-3885.72980728486,-782.172325201147,-3.53553390593274,3.53553390593274
1000000,4938.44170297569,-3146.60195524919,-1791.83974772649,-3.53553390593274,3.53553390593274
1333333.33333333,4993.14767377287,-2269.95249869774,-2723.19517507513,-3.53553390593274,3.53553390593273
1666666.66666667,4829.62913144535,-1294.09522551261,-3535.53390593273,-3.53553390593273,3.53553390593275
2000000,4455.03262094184,-261.679781214731,-4193.35283972711,-3.53553390593273,3.53553390593274
2333333.33333333,3885.72980728486,782.172325201144,-4667.90213248601,-3.53553390593274,3.53553390593273
2666666.66666667,3146.6019552492,1791.83974772649,-4938.44170297569,-3.53553390593272,3.53553390593275
3000000,2269.95249869775,2723.19517507512,-4993.14767377287,-3.53553390593273,3.53553390593274
3333333.33333333,1294.09522551262,3535.53390593272,-4829.62913144535,-3.53553390593274,3.53553390593274
3666666.66666667,261.67978121474,4193.35283972711,-4455.03262094185,-3.53553390593272,3.53553390593276
4000000,-782.172325201131,4667.902132486,-3885.72980728487,-3.53553390593273,3.53553390593275
4333333.33333333,-1791.83974772648,4938.44170297568,-3146.60195524921,-3.53553390593273,3.53553390593274
4666666.66666666,-2723.19517507511,4993.14767377287,-2269.95249869776,-3.53553390593274,3.53553390593274
5000000,-3535.53390593271,4829.62913144535,-1294.09522551263,-3.53553390593272,3.53553390593275
5333333.33333333,-4193.3528397271,4455.03262094185,-261.679781214744,-3.53553390593273,3.53553390593274
5666666.66666666,-4667.90213248599,3885.72980728488,782.172325201127,-3.53553390593274,3.53553390593274
6000000,-4938.44170297568,3146.60195524922,1791.83974772647,-3.53553390593272,3.53553390593276
6333333.33333333,-4993.14767377287,2269.95249869777,2723.19517507511,-3.53553390593273,3.53553390593275
6666666.66666666,-4829.62913144535,1294.09522551264,3535.53390593271,-3.53553390593273,3.53553390593274
7000000,-4455.03262094186,261.679781214767,4193.3528397271,-3.53553390593271,3.53553390593277
7333333.33333333,-3885.72980728488,-782.172325201113,4667.90213248599,-3.53553390593272,3.53553390593276
7666666.66666666,-3146.60195524923,-1791.83974772645,4938.44170297568,-3.53553390593272,3.53553390593276
7999999.99999999,-2269.95249869777,-2723.19517507509,4993.14767377287,-3.53553390593272,3.53553390593274
8333333.33333333,-1294.09522551266,-3535.5339059327,4829.62913144535,-3.5355339059327,3.53553390593276
8666666.66666666,-261.679781214767,-4193.35283972709,4455.03262094186,-3.53553390593272,3.53553390593275
8999999.99999999,782.172325201095,-4667.90213248599,3885.72980728489,-3.53553390593272,3.53553390593276
9333333.33333333,1791.83974772645,-4938.44170297568,3146.60195524923,-3.53553390593271,3.53553390593276
9666666.66666666,2723.19517507508,-4993.14767377287,2269.95249869779,-3.53553390593271,3.53553390593276
10000000,3535.53390593271,-4829.62913144535,1294.09522551265,-3.53553390593271,3.53553390593276
