grade,catalog_type,quantity,value,unit,H_A_per_m,frequency_Hz,peak_T,source_sha256,PDF_page,printed_page,status,direction_status,composition_status,calibration_role
B23R075,domain_refined_high_permeability,J800,1.92,T,800,,,188d9101dd66da17866d8c02ad41a7590bc6b588572c3bd41dd56cd3130d6668,5,04,manufacturer_catalog_typical_not_batch_measurement,not_explicit_in_this_table,no_batch_composition_in_this_table,external_catalog_sanity_only
B23R075,domain_refined_high_permeability,P15_50,0.56,W/kg,,50,1.5,188d9101dd66da17866d8c02ad41a7590bc6b588572c3bd41dd56cd3130d6668,5,04,manufacturer_catalog_typical_not_batch_measurement,not_explicit_in_this_table,no_batch_composition_in_this_table,external_catalog_sanity_only
B23R075,domain_refined_high_permeability,P17_50,0.74,W/kg,,50,1.7,188d9101dd66da17866d8c02ad41a7590bc6b588572c3bd41dd56cd3130d6668,5,04,manufacturer_catalog_typical_not_batch_measurement,not_explicit_in_this_table,no_batch_composition_in_this_table,external_catalog_sanity_only
B27R090,domain_refined_high_permeability,J800,1.9,T,800,,,188d9101dd66da17866d8c02ad41a7590bc6b588572c3bd41dd56cd3130d6668,5,04,manufacturer_catalog_typical_not_batch_measurement,not_explicit_in_this_table,no_batch_composition_in_this_table,external_catalog_sanity_only
B27R090,domain_refined_high_permeability,P15_50,0.64,W/kg,,50,1.5,188d9101dd66da17866d8c02ad41a7590bc6b588572c3bd41dd56cd3130d6668,5,04,manufacturer_catalog_typical_not_batch_measurement,not_explicit_in_this_table,no_batch_composition_in_this_table,external_catalog_sanity_only
B27R090,domain_refined_high_permeability,P17_50,0.86,W/kg,,50,1.7,188d9101dd66da17866d8c02ad41a7590bc6b588572c3bd41dd56cd3130d6668,5,04,manufacturer_catalog_typical_not_batch_measurement,not_explicit_in_this_table,no_batch_composition_in_this_table,external_catalog_sanity_only
B30P105,high_permeability,J800,1.91,T,800,,,188d9101dd66da17866d8c02ad41a7590bc6b588572c3bd41dd56cd3130d6668,5,04,manufacturer_catalog_typical_not_batch_measurement,not_explicit_in_this_table,no_batch_composition_in_this_table,external_catalog_sanity_only
B30P105,high_permeability,P15_50,0.74,W/kg,,50,1.5,188d9101dd66da17866d8c02ad41a7590bc6b588572c3bd41dd56cd3130d6668,5,04,manufacturer_catalog_typical_not_batch_measurement,not_explicit_in_this_table,no_batch_composition_in_this_table,external_catalog_sanity_only
B30P105,high_permeability,P17_50,0.99,W/kg,,50,1.7,188d9101dd66da17866d8c02ad41a7590bc6b588572c3bd41dd56cd3130d6668,5,04,manufacturer_catalog_typical_not_batch_measurement,not_explicit_in_this_table,no_batch_composition_in_this_table,external_catalog_sanity_only
